symbol,symbol,metric_type,metric
MMM,10DayAverageTradingVolume,2.52982,
MMM,13WeekPriceReturnDaily,12.22817,
MMM,26WeekPriceReturnDaily,23.24331,
MMM,3MonthAverageTradingVolume,50.88457,
MMM,52WeekHigh,203.155,
MMM,52WeekHighDate,2021-04-23,
MMM,52WeekLow,131.12,
MMM,52WeekLowDate,2020-05-14,
MMM,52WeekPriceReturnDaily,29.76567,
MMM,5DayPriceReturnDaily,-2.50247,
MMM,assetTurnoverAnnual,0.69963,
MMM,assetTurnoverTTM,0.70584,
MMM,beta,0.95614,
MMM,bookValuePerShareAnnual,22.27089,
MMM,bookValuePerShareQuarterly,23.73744,
MMM,bookValueShareGrowth5Y,3.49429,
MMM,capitalSpendingGrowth5Y,0.54167,
MMM,cashFlowPerShareAnnual,12.54552,
MMM,cashFlowPerShareTTM,13.12363,
MMM,cashPerSharePerShareAnnual,8.72004,
MMM,cashPerSharePerShareQuarterly,8.86186,
MMM,currentDividendYieldTTM,2.98772,
MMM,currentEv/freeCashFlowAnnual,53.09032,
MMM,currentEv/freeCashFlowTTM,45.85858,
MMM,currentRatioAnnual,1.885,
MMM,currentRatioQuarterly,1.83487,
MMM,dividendGrowthRate5Y,7.75228,
MMM,dividendPerShare5Y,5.244,
MMM,dividendPerShareAnnual,5.88,
MMM,dividendYield5Y,2.74357,
MMM,dividendYieldIndicatedAnnual,3.00294,
MMM,dividendsPerShareTTM,5.89,
MMM,ebitdPerShareTTM,15.94172,
MMM,ebitdaCagr5Y,1.04422,
MMM,ebitdaInterimCagr5Y,1.64363,
MMM,epsBasicExclExtraItemsAnnual,9.32133,
MMM,epsBasicExclExtraItemsTTM,9.87856,
MMM,epsExclExtraItemsAnnual,9.24768,
MMM,epsExclExtraItemsTTM,9.79557,
MMM,epsGrowth3Y,0.27239,
MMM,epsGrowth5Y,4.0443,
MMM,epsGrowthQuarterlyYoy,23.14214,
MMM,epsGrowthTTMYoy,14.56191,
MMM,epsInclExtraItemsAnnual,9.24768,
MMM,epsInclExtraItemsTTM,9.79557,
MMM,epsNormalizedAnnual,9.09138,
MMM,focfCagr5Y,6.09848,
MMM,freeCashFlowAnnual,3224,
MMM,freeCashFlowPerShareTTM,6.35955,
MMM,freeCashFlowTTM,3710,
MMM,freeOperatingCashFlow/revenue5Y,7.28733,
MMM,freeOperatingCashFlow/revenueTTM,11.25607,
MMM,grossMargin5Y,48.7526,
MMM,grossMarginAnnual,48.7354,
MMM,grossMarginTTM,48.68325,
MMM,inventoryTurnoverAnnual,3.941,
MMM,inventoryTurnoverTTM,3.89948,
MMM,longTermDebt/equityAnnual,140.53,
MMM,longTermDebt/equityQuarterly,122.2311,
MMM,marketCapitalization,114277.1,
MMM,monthToDatePriceReturnDaily,2.31472,
MMM,netDebtAnnual,13872,
MMM,netDebtInterim,13050,
MMM,netIncomeEmployeeAnnual,56426.89,
MMM,netIncomeEmployeeTTM,60271.41,
MMM,netInterestCoverageAnnual,14.36531,
MMM,netInterestCoverageTTM,14.917,
MMM,netMarginGrowth5Y,0.9404,
MMM,netProfitMargin5Y,16.49533,
MMM,netProfitMarginAnnual,16.75677,
MMM,netProfitMarginTTM,17.36954,
MMM,operatingMargin5Y,22.22901,
MMM,operatingMarginAnnual,22.21912,
MMM,operatingMarginTTM,22.66687,
MMM,payoutRatioAnnual,62.92719,
MMM,payoutRatioTTM,59.46466,
MMM,pbAnnual,8.85191,
MMM,pbQuarterly,8.30502,
MMM,pcfShareTTM,14.92648,
MMM,peBasicExclExtraTTM,19.50487,
MMM,peExclExtraAnnual,21.31778,
MMM,peExclExtraHighTTM,26.29785,
MMM,peExclExtraTTM,20.12542,
MMM,peExclLowTTM,15.96522,
MMM,peInclExtraTTM,20.12542,
MMM,peNormalizedAnnual,21.68428,
MMM,pfcfShareAnnual,35.44576,
MMM,pfcfShareTTM,30.80246,
MMM,pretaxMargin5Y,21.41881,
MMM,pretaxMarginAnnual,20.85198,
MMM,pretaxMarginTTM,21.50789,
MMM,priceRelativeToS&P50013Week,-0.30485,
MMM,priceRelativeToS&P50026Week,-3.61533,
MMM,priceRelativeToS&P5004Week,-1.64256,
MMM,priceRelativeToS&P50052Week,-9.61061,
MMM,priceRelativeToS&P500Ytd,1.31973,
MMM,psAnnual,3.55074,
MMM,psTTM,3.46715,
MMM,ptbvAnnual,,
MMM,ptbvQuarterly,,
MMM,quickRatioAnnual,1.35166,
MMM,quickRatioQuarterly,1.30181,
MMM,receivablesTurnoverAnnual,6.77843,
MMM,receivablesTurnoverTTM,6.83959,
MMM,revenueEmployeeAnnual,336740.8,
MMM,revenueEmployeeTTM,346994.8,
MMM,revenueGrowth3Y,0.55185,
MMM,revenueGrowth5Y,1.23112,
MMM,revenueGrowthQuarterlyYoy,9.60991,
MMM,revenueGrowthTTMYoy,1.89193,
MMM,revenuePerShareAnnual,55.27997,
MMM,revenuePerShareTTM,56.49882,
MMM,revenueShareGrowth5Y,3.07534,
MMM,roaRfy,11.72353,
MMM,roaa5Y,13.63564,
MMM,roae5Y,48.54273,
MMM,roaeTTM,47.81863,
MMM,roeRfy,46.96031,
MMM,roeTTM,12.26015,
MMM,roi5Y,17.01604,
MMM,roiAnnual,14.43793,
MMM,roiTTM,15.11252,
MMM,tangibleBookValuePerShareAnnual,-11.71788,
MMM,tangibleBookValuePerShareQuarterly,-9.64506,
MMM,tbvCagr5Y,,
MMM,totalDebt/totalEquityAnnual,146.9651,
MMM,totalDebt/totalEquityQuarterly,132.173,
MMM,totalDebtCagr5Y,11.76567,
MMM,yearToDatePriceReturnDaily,12.78677,
MMM,annual,,"{'cashRatio': [{'period': '2019-12-31', 'v': 0.2551507265235307}, {'period': '2018-12-31', 'v': 0.3938431805632248}, {'period': '2017-12-31', 'v': 0.397164043189801}, {'period': '2016-12-31', 'v': 0.3855925389934073}, {'period': '2015-12-31', 'v': 0.2525990446754706}, {'period': '2014-12-31', 'v': 0.316272090696899}, {'period': '2013-12-31', 'v': 0.34422512670045347}, {'period': '2012-12-31', 'v': 0.465}, {'period': '2011-12-31', 'v': 0.4078294431170741}, {'period': '2010-12-31', 'v': 0.5546066677615372}, {'period': '2009-12-31', 'v': 0.6207882376965489}, {'period': '2008-12-31', 'v': 0.31666381229662616}, {'period': '2007-12-31', 'v': 0.3535994032077583}, {'period': '2006-12-31', 'v': 0.19759661340980472}, {'period': '2005-12-31', 'v': 0.20465826651393665}, {'period': '2004-12-31', 'v': 0.454126173612255}, {'period': '2003-12-31', 'v': 0.3612750885478158}, {'period': '2002-12-31', 'v': 0.13865829032981827}, {'period': '2001-12-31', 'v': 0.13661565757374142}, {'period': '2000-12-31', 'v': 0.06352545225073622}], 'currentRatio': [{'period': '2019-12-31', 'v': 1.4065}, {'period': '2018-12-31', 'v': 1.8925}, {'period': '2017-12-31', 'v': 1.8573}, {'period': '2016-12-31', 'v': 1.8855}, {'period': '2015-12-31', 'v': 1.5434}, {'period': '2014-12-31', 'v': 1.9615}, {'period': '2013-12-31', 'v': 1.6982}, {'period': '2012-12-31', 'v': 2.1984}, {'period': '2011-12-31', 'v': 2.2496}, {'period': '2010-12-31', 'v': 2.0061}, {'period': '2009-12-31', 'v': 2.2044}, {'period': '2008-12-31', 'v': 1.6438}, {'period': '2007-12-31', 'v': 1.8348}, {'period': '2006-12-31', 'v': 1.2216}, {'period': '2005-12-31', 'v': 1.3583}, {'period': '2004-12-31', 'v': 1.4363}, {'period': '2003-12-31', 'v': 1.5191}, {'period': '2002-12-31', 'v': 1.3594}, {'period': '2001-12-31', 'v': 1.3963}, {'period': '2000-12-31', 'v': 1.3418}], 'ebitPerShare': [{'period': '2019-12-31', 'v': 10.4905}, {'period': '2018-12-31', 'v': 11.9718}, {'period': '2017-12-31', 'v': 12.711}, {'period': '2016-12-31', 'v': 11.3577}, {'period': '2015-12-31', 'v': 10.9008}, {'period': '2014-12-31', 'v': 10.7779}, {'period': '2013-12-31', 'v': 9.6052}, {'period': '2012-12-31', 'v': 9.2219}, {'period': '2011-12-31', 'v': 8.5925}, {'period': '2010-12-31', 'v': 8.1515}, {'period': '2009-12-31', 'v': 6.8091}, {'period': '2008-12-31', 'v': 7.3805}, {'period': '2007-12-31', 'v': 8.4604}, {'period': '2006-12-31', 'v': 7.4849}, {'period': '2005-12-31', 'v': 6.4466}, {'period': '2004-12-31', 'v': 5.744}, {'period': '2003-12-31', 'v': 4.6704}, {'period': '2002-12-31', 'v': 3.8508}, {'period': '2001-12-31', 'v': 2.8413}, {'period': '2000-12-31', 'v': 3.8225}], 'eps': [{'period': '2019-12-31', 'v': 7.8106}, {'period': '2018-12-31', 'v': 8.8854}, {'period': '2017-12-31', 'v': 7.9288}, {'period': '2016-12-31', 'v': 8.1623}, {'period': '2015-12-31', 'v': 7.5847}, {'period': '2014-12-31', 'v': 7.4864}, {'period': '2013-12-31', 'v': 6.7133}, {'period': '2012-12-31', 'v': 6.3215}, {'period': '2011-12-31', 'v': 5.9569}, {'period': '2010-12-31', 'v': 5.6267}, {'period': '2009-12-31', 'v': 4.5163}, {'period': '2008-12-31', 'v': 4.8939}, {'period': '2007-12-31', 'v': 5.5956}, {'period': '2006-12-31', 'v': 5.0604}, {'period': '2005-12-31', 'v': 4.1171}, {'period': '2004-12-31', 'v': 3.7516}, {'period': '2003-12-31', 'v': 3.0226}, {'period': '2002-12-31', 'v': 2.4956}, {'period': '2001-12-31', 'v': 1.7875}, {'period': '2000-12-31', 'v': 2.2275}], 'grossMargin': [{'period': '2019-12-31', 'v': 0.466}, {'period': '2018-12-31', 'v': 0.4916}, {'period': '2017-12-31', 'v': 0.4953}, {'period': '2016-12-31', 'v': 0.498}, {'period': '2015-12-31', 'v': 0.4933}, {'period': '2014-12-31', 'v': 0.4835}, {'period': '2013-12-31', 'v': 0.4789}, {'period': '2012-12-31', 'v': 0.4755}, {'period': '2011-12-31', 'v': 0.47}, {'period': '2010-12-31', 'v': 0.4812}, {'period': '2009-12-31', 'v': 0.4763}, {'period': '2008-12-31', 'v': 0.4705}, {'period': '2007-12-31', 'v': 0.4794}, {'period': '2006-12-31', 'v': 0.4947}, {'period': '2005-12-31', 'v': 0.5096}, {'period': '2004-12-31', 'v': 0.5024}, {'period': '2003-12-31', 'v': 0.4907}, {'period': '2002-12-31', 'v': 0.4872}, {'period': '2001-12-31', 'v': 0.4559}, {'period': '2000-12-31', 'v': 0.4746}], 'longtermDebtTotalAsset': [{'period': '2019-12-31', 'v': 0.3923}, {'period': '2018-12-31', 'v': 0.3674}, {'period': '2017-12-31', 'v': 0.3184}, {'period': '2016-12-31', 'v': 0.3245}, {'period': '2015-12-31', 'v': 0.2662}, {'period': '2014-12-31', 'v': 0.2153}, {'period': '2013-12-31', 'v': 0.1289}, {'period': '2012-12-31', 'v': 0.1451}, {'period': '2011-12-31', 'v': 0.1393}, {'period': '2010-12-31', 'v': 0.1387}, {'period': '2009-12-31', 'v': 0.187}, {'period': '2008-12-31', 'v': 0.2022}, {'period': '2007-12-31', 'v': 0.1628}, {'period': '2006-12-31', 'v': 0.0492}, {'period': '2005-12-31', 'v': 0.0638}, {'period': '2004-12-31', 'v': 0.0351}, {'period': '2003-12-31', 'v': 0.0986}, {'period': '2002-12-31', 'v': 0.1396}, {'period': '2001-12-31', 'v': 0.1041}, {'period': '2000-12-31', 'v': 0.0669}], 'longtermDebtTotalCapital': [{'period': '2019-12-31', 'v': 0.5742}, {'period': '2018-12-31', 'v': 0.5475}, {'period': '2017-12-31', 'v': 0.473}, {'period': '2016-12-31', 'v': 0.4855}, {'period': '2015-12-31', 'v': 0.393}, {'period': '2014-12-31', 'v': 0.3365}, {'period': '2013-12-31', 'v': 0.1835}, {'period': '2012-12-31', 'v': 0.2079}, {'period': '2011-12-31', 'v': 0.214}, {'period': '2010-12-31', 'v': 0.1972}, {'period': '2009-12-31', 'v': 0.2743}, {'period': '2008-12-31', 'v': 0.3113}, {'period': '2007-12-31', 'v': 0.2411}, {'period': '2006-12-31', 'v': 0.0775}, {'period': '2005-12-31', 'v': 0.1049}, {'period': '2004-12-31', 'v': 0.0551}, {'period': '2003-12-31', 'v': 0.1603}, {'period': '2002-12-31', 'v': 0.2284}, {'period': '2001-12-31', 'v': 0.1693}, {'period': '2000-12-31', 'v': 0.1037}], 'longtermDebtTotalEquity': [{'period': '2019-12-31', 'v': 1.7408}, {'period': '2018-12-31', 'v': 1.369}, {'period': '2017-12-31', 'v': 1.0461}, {'period': '2016-12-31', 'v': 1.0369}, {'period': '2015-12-31', 'v': 0.7659}, {'period': '2014-12-31', 'v': 0.5135}, {'period': '2013-12-31', 'v': 0.2472}, {'period': '2012-12-31', 'v': 0.2797}, {'period': '2011-12-31', 'v': 0.2857}, {'period': '2010-12-31', 'v': 0.2671}, {'period': '2009-12-31', 'v': 0.3993}, {'period': '2008-12-31', 'v': 0.5229}, {'period': '2007-12-31', 'v': 0.3421}, {'period': '2006-12-31', 'v': 0.1051}, {'period': '2005-12-31', 'v': 0.1296}, {'period': '2004-12-31', 'v': 0.0701}, {'period': '2003-12-31', 'v': 0.22}, {'period': '2002-12-31', 'v': 0.3571}, {'period': '2001-12-31', 'v': 0.2498}, {'period': '2000-12-31', 'v': 0.1487}], 'netDebtToTotalCapital': [{'period': '2019-12-31', 'v': 0.593}, {'period': '2018-12-31', 'v': 0.4836}, {'period': '2017-12-31', 'v': 0.4284}, {'period': '2016-12-31', 'v': 0.4227}, {'period': '2015-12-31', 'v': 0.4061}, {'period': '2014-12-31', 'v': 0.2499}, {'period': '2013-12-31', 'v': 0.1479}, {'period': '2012-12-31', 'v': 0.1349}, {'period': '2011-12-31', 'v': 0.1432}, {'period': '2010-12-31', 'v': 0.1023}, {'period': '2009-12-31', 'v': 0.1495}, {'period': '2008-12-31', 'v': 0.2934}, {'period': '2007-12-31', 'v': 0.1814}, {'period': '2006-12-31', 'v': 0.1559}, {'period': '2005-12-31', 'v': 0.1049}, {'period': '2004-12-31', 'v': 0.0048}, {'period': '2003-12-31', 'v': 0.1017}, {'period': '2002-12-31', 'v': 0.2945}, {'period': '2001-12-31', 'v': 0.2536}, {'period': '2000-12-31', 'v': 0.2706}], 'netDebtToTotalEquity': [{'period': '2019-12-31', 'v': 1.7979}, {'period': '2018-12-31', 'v': 1.2091}, {'period': '2017-12-31', 'v': 0.9475}, {'period': '2016-12-31', 'v': 0.9028}, {'period': '2015-12-31', 'v': 0.7914}, {'period': '2014-12-31', 'v': 0.3813}, {'period': '2013-12-31', 'v': 0.1992}, {'period': '2012-12-31', 'v': 0.1815}, {'period': '2011-12-31', 'v': 0.1911}, {'period': '2010-12-31', 'v': 0.1385}, {'period': '2009-12-31', 'v': 0.2176}, {'period': '2008-12-31', 'v': 0.4929}, {'period': '2007-12-31', 'v': 0.2574}, {'period': '2006-12-31', 'v': 0.2115}, {'period': '2005-12-31', 'v': 0.1296}, {'period': '2004-12-31', 'v': 0.0062}, {'period': '2003-12-31', 'v': 0.1396}, {'period': '2002-12-31', 'v': 0.4604}, {'period': '2001-12-31', 'v': 0.3741}, {'period': '2000-12-31', 'v': 0.3881}], 'netMargin': [{'period': '2019-12-31', 'v': 0.1422}, {'period': '2018-12-31', 'v': 0.1633}, {'period': '2017-12-31', 'v': 0.1535}, {'period': '2016-12-31', 'v': 0.1677}, {'period': '2015-12-31', 'v': 0.1596}, {'period': '2014-12-31', 'v': 0.1557}, {'period': '2013-12-31', 'v': 0.1509}, {'period': '2012-12-31', 'v': 0.1486}, {'period': '2011-12-31', 'v': 0.1446}, {'period': '2010-12-31', 'v': 0.1532}, {'period': '2009-12-31', 'v': 0.1381}, {'period': '2008-12-31', 'v': 0.1369}, {'period': '2007-12-31', 'v': 0.1674}, {'period': '2006-12-31', 'v': 0.168}, {'period': '2005-12-31', 'v': 0.1511}, {'period': '2004-12-31', 'v': 0.1494}, {'period': '2003-12-31', 'v': 0.1318}, {'period': '2002-12-31', 'v': 0.1209}, {'period': '2001-12-31', 'v': 0.0889}, {'period': '2000-12-31', 'v': 0.1066}], 'operatingMargin': [{'period': '2019-12-31', 'v': 0.191}, {'period': '2018-12-31', 'v': 0.22}, {'period': '2017-12-31', 'v': 0.246}, {'period': '2016-12-31', 'v': 0.2334}, {'period': '2015-12-31', 'v': 0.2294}, {'period': '2014-12-31', 'v': 0.2242}, {'period': '2013-12-31', 'v': 0.2159}, {'period': '2012-12-31', 'v': 0.2168}, {'period': '2011-12-31', 'v': 0.2086}, {'period': '2010-12-31', 'v': 0.222}, {'period': '2009-12-31', 'v': 0.2082}, {'period': '2008-12-31', 'v': 0.2065}, {'period': '2007-12-31', 'v': 0.2532}, {'period': '2006-12-31', 'v': 0.2485}, {'period': '2005-12-31', 'v': 0.2366}, {'period': '2004-12-31', 'v': 0.2288}, {'period': '2003-12-31', 'v': 0.2037}, {'period': '2002-12-31', 'v': 0.1865}, {'period': '2001-12-31', 'v': 0.1414}, {'period': '2000-12-31', 'v': 0.1829}], 'pretaxMargin': [{'period': '2019-12-31', 'v': 0.1777}, {'period': '2018-12-31', 'v': 0.2136}, {'period': '2017-12-31', 'v': 0.2384}, {'period': '2016-12-31', 'v': 0.2342}, {'period': '2015-12-31', 'v': 0.2254}, {'period': '2014-12-31', 'v': 0.2208}, {'period': '2013-12-31', 'v': 0.2126}, {'period': '2012-12-31', 'v': 0.2124}, {'period': '2011-12-31', 'v': 0.2037}, {'period': '2010-12-31', 'v': 0.2159}, {'period': '2009-12-31', 'v': 0.2003}, {'period': '2008-12-31', 'v': 0.2021}, {'period': '2007-12-31', 'v': 0.25}, {'period': '2006-12-31', 'v': 0.2454}, {'period': '2005-12-31', 'v': 0.2354}, {'period': '2004-12-31', 'v': 0.2276}, {'period': '2003-12-31', 'v': 0.2006}, {'period': '2002-12-31', 'v': 0.184}, {'period': '2001-12-31', 'v': 0.136}, {'period': '2000-12-31', 'v': 0.1778}], 'salesPerShare': [{'period': '2019-12-31', 'v': 54.9239}, {'period': '2018-12-31', 'v': 54.4269}, {'period': '2017-12-31', 'v': 51.668}, {'period': '2016-12-31', 'v': 48.6649}, {'period': '2015-12-31', 'v': 47.511}, {'period': '2014-12-31', 'v': 48.068}, {'period': '2013-12-31', 'v': 44.4827}, {'period': '2012-12-31', 'v': 42.5377}, {'period': '2011-12-31', 'v': 41.1836}, {'period': '2010-12-31', 'v': 36.7245}, {'period': '2009-12-31', 'v': 32.7058}, {'period': '2008-12-31', 'v': 35.7412}, {'period': '2007-12-31', 'v': 33.418}, {'period': '2006-12-31', 'v': 30.1222}, {'period': '2005-12-31', 'v': 27.242}, {'period': '2004-12-31', 'v': 25.1079}, {'period': '2003-12-31', 'v': 22.9333}, {'period': '2002-12-31', 'v': 20.6473}, {'period': '2001-12-31', 'v': 20.0987}, {'period': '2000-12-31', 'v': 20.905}], 'sgaToSale': [{'period': '2019-12-31', 'v': 0.534}, {'period': '2018-12-31', 'v': 0.5084}, {'period': '2017-12-31', 'v': 0.5047}, {'period': '2016-12-31', 'v': 0.502}, {'period': '2015-12-31', 'v': 0.5067}, {'period': '2014-12-31', 'v': 0.5165}, {'period': '2013-12-31', 'v': 0.5211}, {'period': '2012-12-31', 'v': 0.5245}, {'period': '2011-12-31', 'v': 0.53}, {'period': '2010-12-31', 'v': 0.5188}, {'period': '2009-12-31', 'v': 0.5237}, {'period': '2008-12-31', 'v': 0.5295}, {'period': '2007-12-31', 'v': 0.5206}, {'period': '2006-12-31', 'v': 0.5053}, {'period': '2005-12-31', 'v': 0.4904}, {'period': '2004-12-31', 'v': 0.4976}, {'period': '2003-12-31', 'v': 0.5093}, {'period': '2002-12-31', 'v': 0.5128}, {'period': '2001-12-31', 'v': 0.5441}, {'period': '2000-12-31', 'v': 0.5254}], 'totalDebtToEquity': [{'period': '2019-12-31', 'v': 2.0317}, {'period': '2018-12-31', 'v': 1.5003}, {'period': '2017-12-31', 'v': 1.2115}, {'period': '2016-12-31', 'v': 1.1357}, {'period': '2015-12-31', 'v': 0.9487}, {'period': '2014-12-31', 'v': 0.5261}, {'period': '2013-12-31', 'v': 0.3466}, {'period': '2012-12-31', 'v': 0.3455}, {'period': '2011-12-31', 'v': 0.335}, {'period': '2010-12-31', 'v': 0.3541}, {'period': '2009-12-31', 'v': 0.4557}, {'period': '2008-12-31', 'v': 0.68}, {'period': '2007-12-31', 'v': 0.4188}, {'period': '2006-12-31', 'v': 0.3568}, {'period': '2005-12-31', 'v': 0.2357}, {'period': '2004-12-31', 'v': 0.2718}, {'period': '2003-12-31', 'v': 0.3725}, {'period': '2002-12-31', 'v': 0.5635}, {'period': '2001-12-31', 'v': 0.4754}, {'period': '2000-12-31', 'v': 0.4344}], 'totalDebtToTotalAsset': [{'period': '2019-12-31', 'v': 0.4578}, {'period': '2018-12-31', 'v': 0.4027}, {'period': '2017-12-31', 'v': 0.3688}, {'period': '2016-12-31', 'v': 0.3554}, {'period': '2015-12-31', 'v': 0.3297}, {'period': '2014-12-31', 'v': 0.2205}, {'period': '2013-12-31', 'v': 0.1808}, {'period': '2012-12-31', 'v': 0.1792}, {'period': '2011-12-31', 'v': 0.1634}, {'period': '2010-12-31', 'v': 0.1839}, {'period': '2009-12-31', 'v': 0.2135}, {'period': '2008-12-31', 'v': 0.263}, {'period': '2007-12-31', 'v': 0.1992}, {'period': '2006-12-31', 'v': 0.1669}, {'period': '2005-12-31', 'v': 0.1161}, {'period': '2004-12-31', 'v': 0.1362}, {'period': '2003-12-31', 'v': 0.1669}, {'period': '2002-12-31', 'v': 0.2203}, {'period': '2001-12-31', 'v': 0.1981}, {'period': '2000-12-31', 'v': 0.1954}], 'totalDebtToTotalCapital': [{'period': '2019-12-31', 'v': 0.6702}, {'period': '2018-12-31', 'v': 0.6}, {'period': '2017-12-31', 'v': 0.5478}, {'period': '2016-12-31', 'v': 0.5318}, {'period': '2015-12-31', 'v': 0.4868}, {'period': '2014-12-31', 'v': 0.3447}, {'period': '2013-12-31', 'v': 0.2574}, {'period': '2012-12-31', 'v': 0.2568}, {'period': '2011-12-31', 'v': 0.2509}, {'period': '2010-12-31', 'v': 0.2615}, {'period': '2009-12-31', 'v': 0.3131}, {'period': '2008-12-31', 'v': 0.4048}, {'period': '2007-12-31', 'v': 0.2952}, {'period': '2006-12-31', 'v': 0.263}, {'period': '2005-12-31', 'v': 0.1908}, {'period': '2004-12-31', 'v': 0.2137}, {'period': '2003-12-31', 'v': 0.2714}, {'period': '2002-12-31', 'v': 0.3604}, {'period': '2001-12-31', 'v': 0.3222}, {'period': '2000-12-31', 'v': 0.3028}], 'totalRatio': [{'period': '2019-12-31', 'v': 1.2909}, {'period': '2018-12-31', 'v': 1.3668}, {'period': '2017-12-31', 'v': 1.4376}, {'period': '2016-12-31', 'v': 1.4555}, {'period': '2015-12-31', 'v': 1.5327}, {'period': '2014-12-31', 'v': 1.7219}, {'period': '2013-12-31', 'v': 2.0906}, {'period': '2012-12-31', 'v': 2.0782}, {'period': '2011-12-31', 'v': 1.9521}, {'period': '2010-12-31', 'v': 2.0807}, {'period': '2009-12-31', 'v': 1.8811}, {'period': '2008-12-31', 'v': 1.6305}, {'period': '2007-12-31', 'v': 1.9073}, {'period': '2006-12-31', 'v': 1.8786}, {'period': '2005-12-31', 'v': 1.9699}, {'period': '2004-12-31', 'v': 2.0046}, {'period': '2003-12-31', 'v': 1.8116}, {'period': '2002-12-31', 'v': 1.6419}, {'period': '2001-12-31', 'v': 1.7143}, {'period': '2000-12-31', 'v': 1.8173}]}"
ABT,10DayAverageTradingVolume,5.55766,
ABT,13WeekPriceReturnDaily,-2.84004,
ABT,26WeekPriceReturnDaily,14.24222,
ABT,3MonthAverageTradingVolume,106.36205,
ABT,52WeekHigh,128.54,
ABT,52WeekHighDate,2021-02-12,
ABT,52WeekLow,86.16,
ABT,52WeekLowDate,2020-06-25,
ABT,52WeekPriceReturnDaily,30.39418,
ABT,5DayPriceReturnDaily,-2.61941,
ABT,assetTurnoverAnnual,0.49287,
ABT,assetTurnoverTTM,,
ABT,beta,0.67716,
ABT,bookValuePerShareAnnual,18.50917,
ABT,bookValuePerShareQuarterly,,
ABT,bookValueShareGrowth5Y,5.14435,
ABT,capitalSpendingGrowth5Y,14.42136,
ABT,cashFlowPerShareAnnual,4.38074,
ABT,cashFlowPerShareTTM,4.89375,
ABT,cashPerSharePerShareAnnual,4.03561,
ABT,cashPerSharePerShareQuarterly,,
ABT,currentDividendYieldTTM,1.27415,
ABT,currentEv/freeCashFlowAnnual,72.73834,
ABT,currentEv/freeCashFlowTTM,78.4096,
ABT,currentRatioAnnual,1.71672,
ABT,currentRatioQuarterly,,
ABT,dividendGrowthRate5Y,10.75215,
ABT,dividendPerShare5Y,1.188,
ABT,dividendPerShareAnnual,1.44,
ABT,dividendYield5Y,1.63115,
ABT,dividendYieldIndicatedAnnual,1.499,
ABT,dividendsPerShareTTM,1.53,
ABT,ebitdPerShareTTM,5.57856,
ABT,ebitdaCagr5Y,14.58082,
ABT,ebitdaInterimCagr5Y,18.22261,
ABT,epsBasicExclExtraItemsAnnual,2.53638,
ABT,epsBasicExclExtraItemsTTM,3.2278,
ABT,epsExclExtraItemsAnnual,2.51792,
ABT,epsExclExtraItemsTTM,3.21035,
ABT,epsGrowth3Y,34.42442,
ABT,epsGrowth5Y,7.79003,
ABT,epsGrowthQuarterlyYoy,227.4941,
ABT,epsGrowthTTMYoy,61.112,
ABT,epsInclExtraItemsAnnual,2.5168,
ABT,epsInclExtraItemsTTM,3.19806,
ABT,epsNormalizedAnnual,2.49663,
ABT,focfCagr5Y,50.26481,
ABT,freeCashFlowAnnual,3164,
ABT,freeCashFlowPerShareTTM,,
ABT,freeCashFlowTTM,,
ABT,freeOperatingCashFlow/revenue5Y,7.88052,
ABT,freeOperatingCashFlow/revenueTTM,,
ABT,grossMargin5Y,57.10816,
ABT,grossMarginAnnual,56.75277,
ABT,grossMarginTTM,56.90449,
ABT,inventoryTurnoverAnnual,3.20905,
ABT,inventoryTurnoverTTM,,
ABT,longTermDebt/equityAnnual,56.51232,
ABT,longTermDebt/equityQuarterly,,
ABT,marketCapitalization,212725.3,
ABT,monthToDatePriceReturnDaily,0.20027,
ABT,netDebtAnnual,11599,
ABT,netDebtInterim,,
ABT,netIncomeEmployeeAnnual,41638.89,
ABT,netIncomeEmployeeTTM,52715.6,
ABT,netInterestCoverageAnnual,11.03659,
ABT,netInterestCoverageTTM,14.13996,
ABT,netMarginGrowth5Y,0.34638,
ABT,netProfitMargin5Y,9.24635,
ABT,netProfitMarginAnnual,12.99411,
ABT,netProfitMarginTTM,15.38915,
ABT,operatingMargin5Y,12.39498,
ABT,operatingMarginAnnual,15.81137,
ABT,operatingMarginTTM,18.17184,
ABT,payoutRatioAnnual,60.52924,
ABT,payoutRatioTTM,36.2165,
ABT,pbAnnual,6.4876,
ABT,pbQuarterly,,
ABT,pcfShareTTM,24.30035,
ABT,peBasicExclExtraTTM,37.12746,
ABT,peExclExtraAnnual,47.69016,
ABT,peExclExtraHighTTM,74.63764,
ABT,peExclExtraTTM,37.40402,
ABT,peExclLowTTM,30.17556,
ABT,peInclExtraTTM,37.54776,
ABT,peNormalizedAnnual,48.09683,
ABT,pfcfShareAnnual,67.23301,
ABT,pfcfShareTTM,,
ABT,pretaxMargin5Y,10.70782,
ABT,pretaxMarginAnnual,14.35506,
ABT,pretaxMarginTTM,17.08179,
ABT,priceRelativeToS&P50013Week,-13.69032,
ABT,priceRelativeToS&P50026Week,-10.65479,
ABT,priceRelativeToS&P5004Week,-2.93628,
ABT,priceRelativeToS&P50052Week,-9.17281,
ABT,priceRelativeToS&P500Ytd,-1.47826,
ABT,psAnnual,6.14671,
ABT,psTTM,5.69729,
ABT,ptbvAnnual,,
ABT,ptbvQuarterly,,
ABT,quickRatioAnnual,1.29579,
ABT,quickRatioQuarterly,,
ABT,receivablesTurnoverAnnual,5.84644,
ABT,receivablesTurnoverTTM,,
ABT,revenueEmployeeAnnual,320444.4,
ABT,revenueEmployeeTTM,342550.5,
ABT,revenueGrowth3Y,8.1089,
ABT,revenueGrowth5Y,11.1445,
ABT,revenueGrowthQuarterlyYoy,35.33523,
ABT,revenueGrowthTTMYoy,16.33588,
ABT,revenuePerShareAnnual,19.37738,
ABT,revenuePerShareTTM,20.87306,
ABT,revenueShareGrowth5Y,7.41791,
ABT,roaRfy,6.40439,
ABT,roaa5Y,4.18794,
ABT,roae5Y,9.59552,
ABT,roaeTTM,,
ABT,roeRfy,14.08129,
ABT,roeTTM,,
ABT,roi5Y,4.90578,
ABT,roiAnnual,7.6719,
ABT,roiTTM,,
ABT,tangibleBookValuePerShareAnnual,-3.24294,
ABT,tangibleBookValuePerShareQuarterly,,
ABT,tbvCagr5Y,,
ABT,totalDebt/totalEquityAnnual,57.18338,
ABT,totalDebt/totalEquityQuarterly,,
ABT,totalDebtCagr5Y,16.96914,
ABT,yearToDatePriceReturnDaily,9.67212,
ABT,annual,,"{'cashRatio': [{'period': '2019-12-31', 'v': 0.3553346221117555}, {'period': '2018-12-31', 'v': 0.42654238792720817}, {'period': '2017-12-31', 'v': 1.0555430879712746}, {'period': '2016-12-31', 'v': 2.795795795795796}, {'period': '2015-12-31', 'v': 0.5444154147615937}, {'period': '2014-12-31', 'v': 0.3881723511990064}, {'period': '2013-12-31', 'v': 0.3655201430524877}, {'period': '2012-12-31', 'v': 0.8134036144578313}, {'period': '2011-12-31', 'v': 0.4401162790697674}, {'period': '2010-12-31', 'v': 0.21133124782759816}, {'period': '2009-12-31', 'v': 0.6750708866579814}, {'period': '2008-12-31', 'v': 0.3547273982056591}, {'period': '2007-12-31', 'v': 0.2698011644512798}, {'period': '2006-12-31', 'v': 0.04359467826960087}, {'period': '2005-12-31', 'v': 0.3902373247033441}, {'period': '2004-12-31', 'v': 0.1796073835335482}, {'period': '2003-12-31', 'v': 0.13023560209424084}, {'period': '2002-12-31', 'v': 0.10054270208511852}, {'period': '2001-12-31', 'v': 0.0828812917875615}, {'period': '2000-12-31', 'v': 0.21265704979060027}], 'currentRatio': [{'period': '2019-12-31', 'v': 1.4422}, {'period': '2018-12-31', 'v': 1.6236}, {'period': '2017-12-31', 'v': 2.2607}, {'period': '2016-12-31', 'v': 4.0204}, {'period': '2015-12-31', 'v': 1.5409}, {'period': '2014-12-31', 'v': 1.2951}, {'period': '2013-12-31', 'v': 2.0245}, {'period': '2012-12-31', 'v': 2.3587}, {'period': '2011-12-31', 'v': 1.5355}, {'period': '2010-12-31', 'v': 1.2929}, {'period': '2009-12-31', 'v': 1.7867}, {'period': '2008-12-31', 'v': 1.4702}, {'period': '2007-12-31', 'v': 1.5427}, {'period': '2006-12-31', 'v': 0.944}, {'period': '2005-12-31', 'v': 1.5353}, {'period': '2004-12-31', 'v': 1.5725}, {'period': '2003-12-31', 'v': 1.3469}, {'period': '2002-12-31', 'v': 1.3028}, {'period': '2001-12-31', 'v': 1.0621}, {'period': '2000-12-31', 'v': 1.7161}], 'ebitPerShare': [{'period': '2019-12-31', 'v': 2.5093}, {'period': '2018-12-31', 'v': 1.9678}, {'period': '2017-12-31', 'v': 0.8942}, {'period': '2016-12-31', 'v': 2.0405}, {'period': '2015-12-31', 'v': 1.9037}, {'period': '2014-12-31', 'v': 1.6902}, {'period': '2013-12-31', 'v': 1.6703}, {'period': '2012-12-31', 'v': 4.2299}, {'period': '2011-12-31', 'v': 3.6707}, {'period': '2010-12-31', 'v': 3.9126}, {'period': '2009-12-31', 'v': 4.7074}, {'period': '2008-12-31', 'v': 3.7079}, {'period': '2007-12-31', 'v': 2.9353}, {'period': '2006-12-31', 'v': 1.3286}, {'period': '2005-12-31', 'v': 2.789}, {'period': '2004-12-31', 'v': 2.4812}, {'period': '2003-12-31', 'v': 2.1139}, {'period': '2002-12-31', 'v': 2.2441}, {'period': '2001-12-31', 'v': 1.2095}, {'period': '2000-12-31', 'v': 2.1718}], 'eps': [{'period': '2019-12-31', 'v': 2.0702}, {'period': '2018-12-31', 'v': 1.3379}, {'period': '2017-12-31', 'v': 0.2727}, {'period': '2016-12-31', 'v': 0.944}, {'period': '2015-12-31', 'v': 2.9369}, {'period': '2014-12-31', 'v': 1.4957}, {'period': '2013-12-31', 'v': 1.6366}, {'period': '2012-12-31', 'v': 3.7456}, {'period': '2011-12-31', 'v': 3.0172}, {'period': '2010-12-31', 'v': 2.973}, {'period': '2009-12-31', 'v': 3.6952}, {'period': '2008-12-31', 'v': 3.1268}, {'period': '2007-12-31', 'v': 2.3115}, {'period': '2006-12-31', 'v': 1.1171}, {'period': '2005-12-31', 'v': 2.156}, {'period': '2004-12-31', 'v': 2.0598}, {'period': '2003-12-31', 'v': 1.7513}, {'period': '2002-12-31', 'v': 1.7762}, {'period': '2001-12-31', 'v': 0.9898}, {'period': '2000-12-31', 'v': 1.7791}], 'grossMargin': [{'period': '2019-12-31', 'v': 0.5864}, {'period': '2018-12-31', 'v': 0.585}, {'period': '2017-12-31', 'v': 0.5474}, {'period': '2016-12-31', 'v': 0.5643}, {'period': '2015-12-31', 'v': 0.5722}, {'period': '2014-12-31', 'v': 0.5457}, {'period': '2013-12-31', 'v': 0.5442}, {'period': '2012-12-31', 'v': 0.6226}, {'period': '2011-12-31', 'v': 0.6}, {'period': '2010-12-31', 'v': 0.583}, {'period': '2009-12-31', 'v': 0.5706}, {'period': '2008-12-31', 'v': 0.5729}, {'period': '2007-12-31', 'v': 0.5592}, {'period': '2006-12-31', 'v': 0.5633}, {'period': '2005-12-31', 'v': 0.5236}, {'period': '2004-12-31', 'v': 0.5486}, {'period': '2003-12-31', 'v': 0.519}, {'period': '2002-12-31', 'v': 0.519}, {'period': '2001-12-31', 'v': 0.5242}, {'period': '2000-12-31', 'v': 0.5461}], 'longtermDebtTotalAsset': [{'period': '2019-12-31', 'v': 0.2374}, {'period': '2018-12-31', 'v': 0.2882}, {'period': '2017-12-31', 'v': 0.3569}, {'period': '2016-12-31', 'v': 0.3927}, {'period': '2015-12-31', 'v': 0.1423}, {'period': '2014-12-31', 'v': 0.0823}, {'period': '2013-12-31', 'v': 0.0789}, {'period': '2012-12-31', 'v': 0.269}, {'period': '2011-12-31', 'v': 0.1997}, {'period': '2010-12-31', 'v': 0.2106}, {'period': '2009-12-31', 'v': 0.2149}, {'period': '2008-12-31', 'v': 0.2054}, {'period': '2007-12-31', 'v': 0.2389}, {'period': '2006-12-31', 'v': 0.1938}, {'period': '2005-12-31', 'v': 0.1569}, {'period': '2004-12-31', 'v': 0.1664}, {'period': '2003-12-31', 'v': 0.1292}, {'period': '2002-12-31', 'v': 0.1762}, {'period': '2001-12-31', 'v': 0.1861}, {'period': '2000-12-31', 'v': 0.0704}], 'longtermDebtTotalCapital': [{'period': '2019-12-31', 'v': 0.331}, {'period': '2018-12-31', 'v': 0.3865}, {'period': '2017-12-31', 'v': 0.4626}, {'period': '2016-12-31', 'v': 0.4914}, {'period': '2015-12-31', 'v': 0.1972}, {'period': '2014-12-31', 'v': 0.1174}, {'period': '2013-12-31', 'v': 0.1085}, {'period': '2012-12-31', 'v': 0.3832}, {'period': '2011-12-31', 'v': 0.3021}, {'period': '2010-12-31', 'v': 0.3032}, {'period': '2009-12-31', 'v': 0.2866}, {'period': '2008-12-31', 'v': 0.3012}, {'period': '2007-12-31', 'v': 0.3163}, {'period': '2006-12-31', 'v': 0.2649}, {'period': '2005-12-31', 'v': 0.2172}, {'period': '2004-12-31', 'v': 0.2268}, {'period': '2003-12-31', 'v': 0.1811}, {'period': '2002-12-31', 'v': 0.2501}, {'period': '2001-12-31', 'v': 0.2652}, {'period': '2000-12-31', 'v': 0.1063}], 'longtermDebtTotalEquity': [{'period': '2019-12-31', 'v': 0.5184}, {'period': '2018-12-31', 'v': 0.6342}, {'period': '2017-12-31', 'v': 0.8807}, {'period': '2016-12-31', 'v': 1.007}, {'period': '2015-12-31', 'v': 0.2768}, {'period': '2014-12-31', 'v': 0.1576}, {'period': '2013-12-31', 'v': 0.1346}, {'period': '2012-12-31', 'v': 0.6768}, {'period': '2011-12-31', 'v': 0.4926}, {'period': '2010-12-31', 'v': 0.5594}, {'period': '2009-12-31', 'v': 0.4929}, {'period': '2008-12-31', 'v': 0.4985}, {'period': '2007-12-31', 'v': 0.5337}, {'period': '2006-12-31', 'v': 0.4988}, {'period': '2005-12-31', 'v': 0.3172}, {'period': '2004-12-31', 'v': 0.3342}, {'period': '2003-12-31', 'v': 0.2641}, {'period': '2002-12-31', 'v': 0.4008}, {'period': '2001-12-31', 'v': 0.4785}, {'period': '2000-12-31', 'v': 0.1255}], 'netDebtToTotalCapital': [{'period': '2019-12-31', 'v': 0.2821}, {'period': '2018-12-31', 'v': 0.3139}, {'period': '2017-12-31', 'v': 0.3148}, {'period': '2016-12-31', 'v': 0.0697}, {'period': '2015-12-31', 'v': 0.1196}, {'period': '2014-12-31', 'v': 0.1149}, {'period': '2013-12-31', 'v': 0.0827}, {'period': '2012-12-31', 'v': 0.205}, {'period': '2011-12-31', 'v': 0.2158}, {'period': '2010-12-31', 'v': 0.3697}, {'period': '2009-12-31', 'v': 0.1945}, {'period': '2008-12-31', 'v': 0.2535}, {'period': '2007-12-31', 'v': 0.3253}, {'period': '2006-12-31', 'v': 0.4493}, {'period': '2005-12-31', 'v': 0.1777}, {'period': '2004-12-31', 'v': 0.2632}, {'period': '2003-12-31', 'v': 0.262}, {'period': '2002-12-31', 'v': 0.3347}, {'period': '2001-12-31', 'v': 0.4057}, {'period': '2000-12-31', 'v': 0.0634}], 'netDebtToTotalEquity': [{'period': '2019-12-31', 'v': 0.4417}, {'period': '2018-12-31', 'v': 0.5151}, {'period': '2017-12-31', 'v': 0.5993}, {'period': '2016-12-31', 'v': 0.1428}, {'period': '2015-12-31', 'v': 0.1679}, {'period': '2014-12-31', 'v': 0.1543}, {'period': '2013-12-31', 'v': 0.1025}, {'period': '2012-12-31', 'v': 0.362}, {'period': '2011-12-31', 'v': 0.352}, {'period': '2010-12-31', 'v': 0.6821}, {'period': '2009-12-31', 'v': 0.3346}, {'period': '2008-12-31', 'v': 0.4195}, {'period': '2007-12-31', 'v': 0.5488}, {'period': '2006-12-31', 'v': 0.846}, {'period': '2005-12-31', 'v': 0.2595}, {'period': '2004-12-31', 'v': 0.3878}, {'period': '2003-12-31', 'v': 0.3821}, {'period': '2002-12-31', 'v': 0.5362}, {'period': '2001-12-31', 'v': 0.7321}, {'period': '2000-12-31', 'v': 0.0749}], 'netMargin': [{'period': '2019-12-31', 'v': 0.1156}, {'period': '2018-12-31', 'v': 0.0774}, {'period': '2017-12-31', 'v': 0.0174}, {'period': '2016-12-31', 'v': 0.0671}, {'period': '2015-12-31', 'v': 0.2168}, {'period': '2014-12-31', 'v': 0.1128}, {'period': '2013-12-31', 'v': 0.1179}, {'period': '2012-12-31', 'v': 0.1495}, {'period': '2011-12-31', 'v': 0.1217}, {'period': '2010-12-31', 'v': 0.1315}, {'period': '2009-12-31', 'v': 0.1868}, {'period': '2008-12-31', 'v': 0.1653}, {'period': '2007-12-31', 'v': 0.1392}, {'period': '2006-12-31', 'v': 0.0764}, {'period': '2005-12-31', 'v': 0.151}, {'period': '2004-12-31', 'v': 0.1644}, {'period': '2003-12-31', 'v': 0.1399}, {'period': '2002-12-31', 'v': 0.158}, {'period': '2001-12-31', 'v': 0.0952}, {'period': '2000-12-31', 'v': 0.2027}], 'operatingMargin': [{'period': '2019-12-31', 'v': 0.1401}, {'period': '2018-12-31', 'v': 0.1139}, {'period': '2017-12-31', 'v': 0.0571}, {'period': '2016-12-31', 'v': 0.1451}, {'period': '2015-12-31', 'v': 0.1405}, {'period': '2014-12-31', 'v': 0.1275}, {'period': '2013-12-31', 'v': 0.1203}, {'period': '2012-12-31', 'v': 0.1689}, {'period': '2011-12-31', 'v': 0.1481}, {'period': '2010-12-31', 'v': 0.1731}, {'period': '2009-12-31', 'v': 0.2379}, {'period': '2008-12-31', 'v': 0.196}, {'period': '2007-12-31', 'v': 0.1767}, {'period': '2006-12-31', 'v': 0.0909}, {'period': '2005-12-31', 'v': 0.1953}, {'period': '2004-12-31', 'v': 0.1981}, {'period': '2003-12-31', 'v': 0.1688}, {'period': '2002-12-31', 'v': 0.1996}, {'period': '2001-12-31', 'v': 0.1163}, {'period': '2000-12-31', 'v': 0.2474}], 'pretaxMargin': [{'period': '2019-12-31', 'v': 0.1278}, {'period': '2018-12-31', 'v': 0.094}, {'period': '2017-12-31', 'v': 0.0815}, {'period': '2016-12-31', 'v': 0.0678}, {'period': '2015-12-31', 'v': 0.156}, {'period': '2014-12-31', 'v': 0.1244}, {'period': '2013-12-31', 'v': 0.1154}, {'period': '2012-12-31', 'v': 0.1571}, {'period': '2011-12-31', 'v': 0.1338}, {'period': '2010-12-31', 'v': 0.1625}, {'period': '2009-12-31', 'v': 0.2338}, {'period': '2008-12-31', 'v': 0.1983}, {'period': '2007-12-31', 'v': 0.1725}, {'period': '2006-12-31', 'v': 0.1013}, {'period': '2005-12-31', 'v': 0.2068}, {'period': '2004-12-31', 'v': 0.2097}, {'period': '2003-12-31', 'v': 0.1897}, {'period': '2002-12-31', 'v': 0.2077}, {'period': '2001-12-31', 'v': 0.1156}, {'period': '2000-12-31', 'v': 0.2776}], 'salesPerShare': [{'period': '2019-12-31', 'v': 17.9135}, {'period': '2018-12-31', 'v': 17.2757}, {'period': '2017-12-31', 'v': 15.6604}, {'period': '2016-12-31', 'v': 14.0614}, {'period': '2015-12-31', 'v': 13.5491}, {'period': '2014-12-31', 'v': 13.2593}, {'period': '2013-12-31', 'v': 13.8806}, {'period': '2012-12-31', 'v': 25.0465}, {'period': '2011-12-31', 'v': 24.7932}, {'period': '2010-12-31', 'v': 22.6009}, {'period': '2009-12-31', 'v': 19.7846}, {'period': '2008-12-31', 'v': 18.9161}, {'period': '2007-12-31', 'v': 16.6115}, {'period': '2006-12-31', 'v': 14.6233}, {'period': '2005-12-31', 'v': 14.2826}, {'period': '2004-12-31', 'v': 12.5271}, {'period': '2003-12-31', 'v': 12.5197}, {'period': '2002-12-31', 'v': 11.2428}, {'period': '2001-12-31', 'v': 10.3991}, {'period': '2000-12-31', 'v': 8.7778}], 'sgaToSale': [{'period': '2019-12-31', 'v': 0.4136}, {'period': '2018-12-31', 'v': 0.415}, {'period': '2017-12-31', 'v': 0.4526}, {'period': '2016-12-31', 'v': 0.4357}, {'period': '2015-12-31', 'v': 0.4278}, {'period': '2014-12-31', 'v': 0.4543}, {'period': '2013-12-31', 'v': 0.4558}, {'period': '2012-12-31', 'v': 0.3774}, {'period': '2011-12-31', 'v': 0.4}, {'period': '2010-12-31', 'v': 0.417}, {'period': '2009-12-31', 'v': 0.4294}, {'period': '2008-12-31', 'v': 0.4271}, {'period': '2007-12-31', 'v': 0.4408}, {'period': '2006-12-31', 'v': 0.4367}, {'period': '2005-12-31', 'v': 0.4764}, {'period': '2004-12-31', 'v': 0.4514}, {'period': '2003-12-31', 'v': 0.4809}, {'period': '2002-12-31', 'v': 0.481}, {'period': '2001-12-31', 'v': 0.4758}, {'period': '2000-12-31', 'v': 0.4539}], 'totalDebtToEquity': [{'period': '2019-12-31', 'v': 0.5659}, {'period': '2018-12-31', 'v': 0.641}, {'period': '2017-12-31', 'v': 0.9038}, {'period': '2016-12-31', 'v': 1.0494}, {'period': '2015-12-31', 'v': 0.4037}, {'period': '2014-12-31', 'v': 0.3431}, {'period': '2013-12-31', 'v': 0.2406}, {'period': '2012-12-31', 'v': 0.7663}, {'period': '2011-12-31', 'v': 0.6307}, {'period': '2010-12-31', 'v': 0.845}, {'period': '2009-12-31', 'v': 0.72}, {'period': '2008-12-31', 'v': 0.6547}, {'period': '2007-12-31', 'v': 0.687}, {'period': '2006-12-31', 'v': 0.8831}, {'period': '2005-12-31', 'v': 0.4602}, {'period': '2004-12-31', 'v': 0.4733}, {'period': '2003-12-31', 'v': 0.4582}, {'period': '2002-12-31', 'v': 0.6023}, {'period': '2001-12-31', 'v': 0.8046}, {'period': '2000-12-31', 'v': 0.1815}], 'totalDebtToTotalAsset': [{'period': '2019-12-31', 'v': 0.2592}, {'period': '2018-12-31', 'v': 0.2913}, {'period': '2017-12-31', 'v': 0.3662}, {'period': '2016-12-31', 'v': 0.4092}, {'period': '2015-12-31', 'v': 0.2076}, {'period': '2014-12-31', 'v': 0.1792}, {'period': '2013-12-31', 'v': 0.141}, {'period': '2012-12-31', 'v': 0.3045}, {'period': '2011-12-31', 'v': 0.2557}, {'period': '2010-12-31', 'v': 0.3182}, {'period': '2009-12-31', 'v': 0.3139}, {'period': '2008-12-31', 'v': 0.2698}, {'period': '2007-12-31', 'v': 0.3075}, {'period': '2006-12-31', 'v': 0.3431}, {'period': '2005-12-31', 'v': 0.2277}, {'period': '2004-12-31', 'v': 0.2357}, {'period': '2003-12-31', 'v': 0.2242}, {'period': '2002-12-31', 'v': 0.2648}, {'period': '2001-12-31', 'v': 0.3129}, {'period': '2000-12-31', 'v': 0.1018}], 'totalDebtToTotalCapital': [{'period': '2019-12-31', 'v': 0.3614}, {'period': '2018-12-31', 'v': 0.3906}, {'period': '2017-12-31', 'v': 0.4747}, {'period': '2016-12-31', 'v': 0.512}, {'period': '2015-12-31', 'v': 0.2876}, {'period': '2014-12-31', 'v': 0.2554}, {'period': '2013-12-31', 'v': 0.1939}, {'period': '2012-12-31', 'v': 0.4338}, {'period': '2011-12-31', 'v': 0.3868}, {'period': '2010-12-31', 'v': 0.458}, {'period': '2009-12-31', 'v': 0.4186}, {'period': '2008-12-31', 'v': 0.3957}, {'period': '2007-12-31', 'v': 0.4072}, {'period': '2006-12-31', 'v': 0.469}, {'period': '2005-12-31', 'v': 0.3152}, {'period': '2004-12-31', 'v': 0.3213}, {'period': '2003-12-31', 'v': 0.3142}, {'period': '2002-12-31', 'v': 0.3759}, {'period': '2001-12-31', 'v': 0.4459}, {'period': '2000-12-31', 'v': 0.1536}], 'totalRatio': [{'period': '2019-12-31', 'v': 1.8448}, {'period': '2018-12-31', 'v': 1.8329}, {'period': '2017-12-31', 'v': 1.6813}, {'period': '2016-12-31', 'v': 1.6393}, {'period': '2015-12-31', 'v': 2.0586}, {'period': '2014-12-31', 'v': 2.0937}, {'period': '2013-12-31', 'v': 2.4155}, {'period': '2012-12-31', 'v': 1.6595}, {'period': '2011-12-31', 'v': 1.682}, {'period': '2010-12-31', 'v': 1.6039}, {'period': '2009-12-31', 'v': 1.7732}, {'period': '2008-12-31', 'v': 1.7008}, {'period': '2007-12-31', 'v': 1.8105}, {'period': '2006-12-31', 'v': 1.6352}, {'period': '2005-12-31', 'v': 1.9789}, {'period': '2004-12-31', 'v': 1.9919}, {'period': '2003-12-31', 'v': 1.9581}, {'period': '2002-12-31', 'v': 1.7844}, {'period': '2001-12-31', 'v': 1.6363}, {'period': '2000-12-31', 'v': 2.277}]}"
ABBV,10DayAverageTradingVolume,6.4311,
ABBV,13WeekPriceReturnDaily,10.08022,
ABBV,26WeekPriceReturnDaily,29.49068,
ABBV,3MonthAverageTradingVolume,148.14454,
ABBV,52WeekHigh,115.94,
ABBV,52WeekHighDate,2021-05-04,
ABBV,52WeekLow,79.1101,
ABBV,52WeekLowDate,2020-10-29,
ABBV,52WeekPriceReturnDaily,39.14,
ABBV,5DayPriceReturnDaily,2.20747,
ABBV,assetTurnoverAnnual,0.38221,
ABBV,assetTurnoverTTM,0.38221,
ABBV,beta,0.8022,
ABBV,bookValuePerShareAnnual,7.40794,
ABBV,bookValuePerShareQuarterly,7.40794,
ABBV,bookValueShareGrowth5Y,24.76406,
ABBV,capitalSpendingGrowth5Y,8.44718,
ABBV,cashFlowPerShareAnnual,6.6306,
ABBV,cashFlowPerShareTTM,6.51619,
ABBV,cashPerSharePerShareAnnual,4.8036,
ABBV,cashPerSharePerShareQuarterly,4.8036,
ABBV,currentDividendYieldTTM,4.14399,
ABBV,currentEv/freeCashFlowAnnual,108.0309,
ABBV,currentEv/freeCashFlowTTM,108.0309,
ABBV,currentRatioAnnual,0.84341,
ABBV,currentRatioQuarterly,0.84341,
ABBV,dividendGrowthRate5Y,22.62168,
ABBV,dividendPerShare5Y,3.486,
ABBV,dividendPerShareAnnual,4.72,
ABBV,dividendYield5Y,3.8975,
ABBV,dividendYieldIndicatedAnnual,4.56541,
ABBV,dividendsPerShareTTM,4.72,
ABBV,ebitdPerShareTTM,11.21492,
ABBV,ebitdaCagr5Y,17.61661,
ABBV,ebitdaInterimCagr5Y,16.76515,
ABBV,epsBasicExclExtraItemsAnnual,2.73305,
ABBV,epsBasicExclExtraItemsTTM,2.71595,
ABBV,epsExclExtraItemsAnnual,2.72325,
ABBV,epsExclExtraItemsTTM,2.70989,
ABBV,epsGrowth3Y,-8.4171,
ABBV,epsGrowth5Y,-2.82218,
ABBV,epsGrowthQuarterlyYoy,-99.40104,
ABBV,epsGrowthTTMYoy,-48.68138,
ABBV,epsInclExtraItemsAnnual,2.72325,
ABBV,epsInclExtraItemsTTM,2.70989,
ABBV,epsNormalizedAnnual,3.65923,
ABBV,focfCagr5Y,19.59372,
ABBV,freeCashFlowAnnual,9074,
ABBV,freeCashFlowPerShareTTM,5.3302,
ABBV,freeCashFlowTTM,9074,
ABBV,freeOperatingCashFlow/revenue5Y,18.6254,
ABBV,freeOperatingCashFlow/revenueTTM,19.8105,
ABBV,grossMargin5Y,73.80928,
ABBV,grossMarginAnnual,66.69068,
ABBV,grossMarginTTM,66.40686,
ABBV,inventoryTurnoverAnnual,5.95628,
ABBV,inventoryTurnoverTTM,6.00703,
ABBV,longTermDebt/equityAnnual,593.1019,
ABBV,longTermDebt/equityQuarterly,593.1019,
ABBV,marketCapitalization,201013.7,
ABBV,monthToDatePriceReturnDaily,2.15247,
ABBV,netDebtAnnual,77577,
ABBV,netDebtInterim,77577,
ABBV,netIncomeEmployeeAnnual,120051.9,
ABBV,netIncomeEmployeeTTM,98340.42,
ABBV,netInterestCoverageAnnual,5.58358,
ABBV,netInterestCoverageTTM,5.36835,
ABBV,netMarginGrowth5Y,-14.82021,
ABBV,netProfitMargin5Y,18.0707,
ABBV,netProfitMarginAnnual,10.09082,
ABBV,netProfitMarginTTM,10.09082,
ABBV,operatingMargin5Y,30.00115,
ABBV,operatingMarginAnnual,24.80788,
ABBV,operatingMarginTTM,24.80788,
ABBV,payoutRatioAnnual,181.6945,
ABBV,payoutRatioTTM,181.7344,
ABBV,pbAnnual,15.37539,
ABBV,pbQuarterly,15.37539,
ABBV,pcfShareTTM,18.12077,
ABBV,peBasicExclExtraTTM,39.45213,
ABBV,peExclExtraAnnual,41.82503,
ABBV,peExclExtraHighTTM,39.54035,
ABBV,peExclExtraTTM,42.03123,
ABBV,peExclLowTTM,13.85585,
ABBV,peInclExtraTTM,42.03123,
ABBV,peNormalizedAnnual,31.12677,
ABBV,pfcfShareAnnual,22.15271,
ABBV,pfcfShareTTM,22.15271,
ABBV,pretaxMargin5Y,19.69616,
ABBV,pretaxMarginAnnual,7.41857,
ABBV,pretaxMarginTTM,7.41857,
ABBV,priceRelativeToS&P50013Week,1.13696,
ABBV,priceRelativeToS&P50026Week,4.75641,
ABBV,priceRelativeToS&P5004Week,5.73058,
ABBV,priceRelativeToS&P50052Week,-5.02494,
ABBV,priceRelativeToS&P500Ytd,-4.12935,
ABBV,psAnnual,4.38856,
ABBV,psTTM,4.38856,
ABBV,ptbvAnnual,,
ABBV,ptbvQuarterly,,
ABBV,quickRatioAnnual,0.72792,
ABBV,quickRatioQuarterly,0.72792,
ABBV,receivablesTurnoverAnnual,6.42863,
ABBV,receivablesTurnoverTTM,6.42863,
ABBV,revenueEmployeeAnnual,1189714,
ABBV,revenueEmployeeTTM,974553.2,
ABBV,revenueGrowth3Y,17.52653,
ABBV,revenueGrowth5Y,14.91302,
ABBV,revenueGrowthQuarterlyYoy,59.21415,
ABBV,revenueGrowthTTMYoy,37.69013,
ABBV,revenuePerShareAnnual,27.37836,
ABBV,revenuePerShareTTM,26.90594,
ABBV,revenueShareGrowth5Y,14.41416,
ABBV,roaRfy,3.85681,
ABBV,roaa5Y,7.73299,
ABBV,roae5Y,1830.021,
ABBV,roaeTTM,185.7667,
ABBV,roeRfy,185.8075,
ABBV,roeTTM,3.85681,
ABBV,roi5Y,9.7165,
ABBV,roiAnnual,4.73049,
ABBV,roiTTM,4.73049,
ABBV,tangibleBookValuePerShareAnnual,-58.30949,
ABBV,tangibleBookValuePerShareQuarterly,-58.30949,
ABBV,tbvCagr5Y,,
ABBV,totalDebt/totalEquityAnnual,658.1218,
ABBV,totalDebt/totalEquityQuarterly,658.1218,
ABBV,totalDebtCagr5Y,22.13043,
ABBV,yearToDatePriceReturnDaily,6.29958,
ABBV,annual,,"{'cashRatio': [{'period': '2019-12-31', 'v': 2.5616939364773823}, {'period': '2018-12-31', 'v': 0.4228203492081907}, {'period': '2017-12-31', 'v': 0.559040923021453}, {'period': '2016-12-31', 'v': 0.5214190778039055}, {'period': '2015-12-31', 'v': 0.770974848540481}, {'period': '2014-12-31', 'v': 0.7327306240674099}, {'period': '2013-12-31', 'v': 1.3948248291902894}, {'period': '2012-12-31', 'v': 0.8708677685950413}, {'period': '2011-12-31', 'v': 0.004578599287773444}, {'period': '2010-12-31', 'v': 0.0026588673225206062}], 'currentRatio': [{'period': '2019-12-31', 'v': 3.1774}, {'period': '2018-12-31', 'v': 0.9829}, {'period': '2017-12-31', 'v': 1.2753}, {'period': '2016-12-31', 'v': 1.6549}, {'period': '2015-12-31', 'v': 1.4975}, {'period': '2014-12-31', 'v': 1.4115}, {'period': '2013-12-31', 'v': 2.5946}, {'period': '2012-12-31', 'v': 2.2659}, {'period': '2011-12-31', 'v': 1.2471}, {'period': '2010-12-31', 'v': 2.1851}], 'ebitPerShare': [{'period': '2019-12-31', 'v': 8.7487}, {'period': '2018-12-31', 'v': 4.1287}, {'period': '2017-12-31', 'v': 5.9838}, {'period': '2016-12-31', 'v': 5.7535}, {'period': '2015-12-31', 'v': 4.6042}, {'period': '2014-12-31', 'v': 2.1186}, {'period': '2013-12-31', 'v': 3.5312}, {'period': '2012-12-31', 'v': 3.6886}, {'period': '2011-12-31', 'v': 2.2903}, {'period': '2010-12-31', 'v': 2.9836}, {'period': '2009-12-31', 'v': 3.1195}], 'eps': [{'period': '2019-12-31', 'v': 5.3113}, {'period': '2018-12-31', 'v': 3.6785}, {'period': '2017-12-31', 'v': 3.3119}, {'period': '2016-12-31', 'v': 3.6499}, {'period': '2015-12-31', 'v': 3.1423}, {'period': '2014-12-31', 'v': 1.1019}, {'period': '2013-12-31', 'v': 2.5736}, {'period': '2012-12-31', 'v': 3.345}, {'period': '2011-12-31', 'v': 2.1714}, {'period': '2010-12-31', 'v': 2.6426}, {'period': '2009-12-31', 'v': 2.933}], 'grossMargin': [{'period': '2019-12-31', 'v': 0.7714}, {'period': '2018-12-31', 'v': 0.7693}, {'period': '2017-12-31', 'v': 0.7463}, {'period': '2016-12-31', 'v': 0.7732}, {'period': '2015-12-31', 'v': 0.8031}, {'period': '2014-12-31', 'v': 0.7783}, {'period': '2013-12-31', 'v': 0.7562}, {'period': '2012-12-31', 'v': 0.7547}, {'period': '2011-12-31', 'v': 0.7365}, {'period': '2010-12-31', 'v': 0.7259}, {'period': '2009-12-31', 'v': 0.7146}], 'longtermDebtTotalAsset': [{'period': '2019-12-31', 'v': 0.7064}, {'period': '2018-12-31', 'v': 0.5897}, {'period': '2017-12-31', 'v': 0.4373}, {'period': '2016-12-31', 'v': 0.5513}, {'period': '2015-12-31', 'v': 0.5512}, {'period': '2014-12-31', 'v': 0.383}, {'period': '2013-12-31', 'v': 0.4895}, {'period': '2012-12-31', 'v': 0.5417}, {'period': '2011-12-31', 'v': 0.0016}], 'longtermDebtTotalCapital': [{'period': '2019-12-31', 'v': 1.0751}, {'period': '2018-12-31', 'v': 1.0985}, {'period': '2017-12-31', 'v': 0.7289}, {'period': '2016-12-31', 'v': 0.8785}, {'period': '2015-12-31', 'v': 0.821}, {'period': '2014-12-31', 'v': 0.6303}, {'period': '2013-12-31', 'v': 0.7438}, {'period': '2012-12-31', 'v': 0.7686}, {'period': '2011-12-31', 'v': 0.0027}], 'longtermDebtTotalEquity': [{'period': '2017-12-31', 'v': 6.0728}, {'period': '2016-12-31', 'v': 7.8602}, {'period': '2015-12-31', 'v': 7.4119}, {'period': '2014-12-31', 'v': 6.0494}, {'period': '2013-12-31', 'v': 3.1817}, {'period': '2012-12-31', 'v': 4.3503}, {'period': '2011-12-31', 'v': 0.0027}], 'netDebtToTotalCapital': [{'period': '2019-12-31', 'v': 0.4577}, {'period': '2018-12-31', 'v': 1.0363}, {'period': '2017-12-31', 'v': 0.6609}, {'period': '2016-12-31', 'v': 0.7653}, {'period': '2015-12-31', 'v': 0.6534}, {'period': '2014-12-31', 'v': 0.3965}, {'period': '2013-12-31', 'v': 0.2669}, {'period': '2012-12-31', 'v': 0.5133}, {'period': '2011-12-31', 'v': 0.0018}, {'period': '2010-12-31', 'v': -0.0006}], 'netDebtToTotalEquity': [{'period': '2017-12-31', 'v': 5.5062}, {'period': '2016-12-31', 'v': 6.8469}, {'period': '2015-12-31', 'v': 5.8991}, {'period': '2014-12-31', 'v': 3.8054}, {'period': '2013-12-31', 'v': 1.1416}, {'period': '2012-12-31', 'v': 2.9054}, {'period': '2011-12-31', 'v': 0.0018}, {'period': '2010-12-31', 'v': -0.0006}], 'netMargin': [{'period': '2019-12-31', 'v': 0.2369}, {'period': '2018-12-31', 'v': 0.1736}, {'period': '2017-12-31', 'v': 0.1882}, {'period': '2016-12-31', 'v': 0.2322}, {'period': '2015-12-31', 'v': 0.225}, {'period': '2014-12-31', 'v': 0.0889}, {'period': '2013-12-31', 'v': 0.2197}, {'period': '2012-12-31', 'v': 0.287}, {'period': '2011-12-31', 'v': 0.1968}, {'period': '2010-12-31', 'v': 0.2672}, {'period': '2009-12-31', 'v': 0.3262}], 'operatingMargin': [{'period': '2019-12-31', 'v': 0.3903}, {'period': '2018-12-31', 'v': 0.1949}, {'period': '2017-12-31', 'v': 0.3399}, {'period': '2016-12-31', 'v': 0.366}, {'period': '2015-12-31', 'v': 0.3297}, {'period': '2014-12-31', 'v': 0.1709}, {'period': '2013-12-31', 'v': 0.3014}, {'period': '2012-12-31', 'v': 0.3165}, {'period': '2011-12-31', 'v': 0.2076}, {'period': '2010-12-31', 'v': 0.3016}, {'period': '2009-12-31', 'v': 0.347}], 'pretaxMargin': [{'period': '2019-12-31', 'v': 0.2533}, {'period': '2018-12-31', 'v': 0.1587}, {'period': '2017-12-31', 'v': 0.2739}, {'period': '2016-12-31', 'v': 0.3075}, {'period': '2015-12-31', 'v': 0.2907}, {'period': '2014-12-31', 'v': 0.1187}, {'period': '2013-12-31', 'v': 0.2838}, {'period': '2012-12-31', 'v': 0.3115}, {'period': '2011-12-31', 'v': 0.2103}, {'period': '2010-12-31', 'v': 0.3092}, {'period': '2009-12-31', 'v': 0.4186}], 'salesPerShare': [{'period': '2019-12-31', 'v': 22.4164}, {'period': '2018-12-31', 'v': 21.1856}, {'period': '2017-12-31', 'v': 17.602}, {'period': '2016-12-31', 'v': 15.7192}, {'period': '2015-12-31', 'v': 13.964}, {'period': '2014-12-31', 'v': 12.3975}, {'period': '2013-12-31', 'v': 11.7145}, {'period': '2012-12-31', 'v': 11.655}, {'period': '2011-12-31', 'v': 11.0335}, {'period': '2010-12-31', 'v': 9.8912}, {'period': '2009-12-31', 'v': 8.9905}], 'sgaToSale': [{'period': '2019-12-31', 'v': 0.2286}, {'period': '2018-12-31', 'v': 0.2307}, {'period': '2017-12-31', 'v': 0.2537}, {'period': '2016-12-31', 'v': 0.2268}, {'period': '2015-12-31', 'v': 0.1969}, {'period': '2014-12-31', 'v': 0.2217}, {'period': '2013-12-31', 'v': 0.2438}, {'period': '2012-12-31', 'v': 0.2453}, {'period': '2011-12-31', 'v': 0.2635}, {'period': '2010-12-31', 'v': 0.2741}, {'period': '2009-12-31', 'v': 0.2854}], 'totalDebtToEquity': [{'period': '2017-12-31', 'v': 7.3314}, {'period': '2016-12-31', 'v': 7.9469}, {'period': '2015-12-31', 'v': 8.0281}, {'period': '2014-12-31', 'v': 8.5976}, {'period': '2013-12-31', 'v': 3.2776}, {'period': '2012-12-31', 'v': 4.6601}, {'period': '2011-12-31', 'v': 0.004}, {'period': '2010-12-31', 'v': 0}], 'totalDebtToTotalAsset': [{'period': '2019-12-31', 'v': 0.7488}, {'period': '2018-12-31', 'v': 0.6792}, {'period': '2017-12-31', 'v': 0.5279}, {'period': '2016-12-31', 'v': 0.5574}, {'period': '2015-12-31', 'v': 0.597}, {'period': '2014-12-31', 'v': 0.5444}, {'period': '2013-12-31', 'v': 0.5042}, {'period': '2012-12-31', 'v': 0.5803}, {'period': '2011-12-31', 'v': 0.0025}, {'period': '2010-12-31', 'v': 0}], 'totalDebtToTotalCapital': [{'period': '2019-12-31', 'v': 1.1396}, {'period': '2018-12-31', 'v': 1.2651}, {'period': '2017-12-31', 'v': 0.88}, {'period': '2016-12-31', 'v': 0.8882}, {'period': '2015-12-31', 'v': 0.8892}, {'period': '2014-12-31', 'v': 0.8958}, {'period': '2013-12-31', 'v': 0.7662}, {'period': '2012-12-31', 'v': 0.8233}, {'period': '2011-12-31', 'v': 0.004}, {'period': '2010-12-31', 'v': 0}], 'totalRatio': [{'period': '2019-12-31', 'v': 0.916}, {'period': '2018-12-31', 'v': 0.8754}, {'period': '2017-12-31', 'v': 1.0776}, {'period': '2016-12-31', 'v': 1.0754}, {'period': '2015-12-31', 'v': 1.0803}, {'period': '2014-12-31', 'v': 1.0676}, {'period': '2013-12-31', 'v': 1.1818}, {'period': '2012-12-31', 'v': 1.1422}, {'period': '2011-12-31', 'v': 2.5723}, {'period': '2010-12-31', 'v': 3.8908}]}"
ABMD,10DayAverageTradingVolume,0.25894,
ABMD,13WeekPriceReturnDaily,-7.90237,
ABMD,26WeekPriceReturnDaily,27.33444,
ABMD,3MonthAverageTradingVolume,6.09986,
ABMD,52WeekHigh,387.4,
ABMD,52WeekHighDate,2021-01-28,
ABMD,52WeekLow,177.69,
ABMD,52WeekLowDate,2020-05-04,
ABMD,52WeekPriceReturnDaily,67.70196,
ABMD,5DayPriceReturnDaily,-8.63174,
ABMD,assetTurnoverAnnual,0.62529,
ABMD,assetTurnoverTTM,0.62529,
ABMD,beta,1.27456,
ABMD,bookValuePerShareAnnual,29.37148,
ABMD,bookValuePerShareQuarterly,29.37148,
ABMD,bookValueShareGrowth5Y,27.67537,
ABMD,capitalSpendingGrowth5Y,,
ABMD,cashFlowPerShareAnnual,,
ABMD,cashFlowPerShareTTM,4.07096,
ABMD,cashPerSharePerShareAnnual,12.89337,
ABMD,cashPerSharePerShareQuarterly,12.89337,
ABMD,currentDividendYieldTTM,0,
ABMD,currentEv/freeCashFlowAnnual,,
ABMD,currentEv/freeCashFlowTTM,87.75184,
ABMD,currentRatioAnnual,6.10972,
ABMD,currentRatioQuarterly,6.10972,
ABMD,dividendGrowthRate5Y,,
ABMD,dividendPerShare5Y,,
ABMD,dividendPerShareAnnual,,
ABMD,dividendYield5Y,,
ABMD,dividendYieldIndicatedAnnual,,
ABMD,dividendsPerShareTTM,0,
ABMD,ebitdPerShareTTM,5.40404,
ABMD,ebitdaCagr5Y,27.39776,
ABMD,ebitdaInterimCagr5Y,29.25953,
ABMD,epsBasicExclExtraItemsAnnual,4.99612,
ABMD,epsBasicExclExtraItemsTTM,4.99527,
ABMD,epsExclExtraItemsAnnual,4.93771,
ABMD,epsExclExtraItemsTTM,4.93687,
ABMD,epsGrowth3Y,19.22904,
ABMD,epsGrowth5Y,42.18475,
ABMD,epsGrowthQuarterlyYoy,77.53792,
ABMD,epsGrowthTTMYoy,11.48706,
ABMD,epsInclExtraItemsAnnual,4.93771,
ABMD,epsInclExtraItemsTTM,4.93687,
ABMD,epsNormalizedAnnual,4.93771,
ABMD,focfCagr5Y,,
ABMD,freeCashFlowAnnual,,
ABMD,freeCashFlowPerShareTTM,,
ABMD,freeCashFlowTTM,,
ABMD,freeOperatingCashFlow/revenue5Y,,
ABMD,freeOperatingCashFlow/revenueTTM,,
ABMD,grossMargin5Y,82.49911,
ABMD,grossMarginAnnual,80.89643,
ABMD,grossMarginTTM,80.89645,
ABMD,inventoryTurnoverAnnual,1.89202,
ABMD,inventoryTurnoverTTM,1.89202,
ABMD,longTermDebt/equityAnnual,,
ABMD,longTermDebt/equityQuarterly,,
ABMD,marketCapitalization,14506.93,
ABMD,monthToDatePriceReturnDaily,0.62749,
ABMD,netDebtAnnual,-583.695,
ABMD,netDebtInterim,-583.695,
ABMD,netIncomeEmployeeAnnual,,
ABMD,netIncomeEmployeeTTM,,
ABMD,netInterestCoverageAnnual,,
ABMD,netInterestCoverageTTM,,
ABMD,netMarginGrowth5Y,18.11338,
ABMD,netProfitMargin5Y,24.97179,
ABMD,netProfitMarginAnnual,26.60993,
ABMD,netProfitMarginTTM,26.6099,
ABMD,operatingMargin5Y,27.05727,
ABMD,operatingMarginAnnual,27.08567,
ABMD,operatingMarginTTM,27.08564,
ABMD,payoutRatioAnnual,,
ABMD,payoutRatioTTM,0,
ABMD,pbAnnual,10.91977,
ABMD,pbQuarterly,10.91977,
ABMD,pcfShareTTM,78.0194,
ABMD,peBasicExclExtraTTM,63.80636,
ABMD,peExclExtraAnnual,64.95521,
ABMD,peExclExtraHighTTM,133.4967,
ABMD,peExclExtraTTM,64.96626,
ABMD,peExclLowTTM,32.00047,
ABMD,peInclExtraTTM,64.96626,
ABMD,peNormalizedAnnual,64.95521,
ABMD,pfcfShareAnnual,,
ABMD,pfcfShareTTM,,
ABMD,pretaxMargin5Y,30.31794,
ABMD,pretaxMarginAnnual,34.00738,
ABMD,pretaxMarginTTM,34.00734,
ABMD,priceRelativeToS&P50013Week,-18.18732,
ABMD,priceRelativeToS&P50026Week,-0.41578,
ABMD,priceRelativeToS&P5004Week,-2.21445,
ABMD,priceRelativeToS&P50052Week,16.81425,
ABMD,priceRelativeToS&P500Ytd,-11.12852,
ABMD,psAnnual,17.11687,
ABMD,psTTM,17.11685,
ABMD,ptbvAnnual,11.99954,
ABMD,ptbvQuarterly,11.99954,
ABMD,quickRatioAnnual,5.48121,
ABMD,quickRatioQuarterly,5.48121,
ABMD,receivablesTurnoverAnnual,9.32219,
ABMD,receivablesTurnoverTTM,9.3222,
ABMD,revenueEmployeeAnnual,,
ABMD,revenueEmployeeTTM,,
ABMD,revenueGrowth3Y,12.59419,
ABMD,revenueGrowth5Y,20.79467,
ABMD,revenueGrowthQuarterlyYoy,16.73683,
ABMD,revenueGrowthTTMYoy,0.78977,
ABMD,revenuePerShareAnnual,18.5559,
ABMD,revenuePerShareTTM,18.55561,
ABMD,revenueShareGrowth5Y,20.37979,
ABMD,roaRfy,16.63887,
ABMD,roaa5Y,19.12164,
ABMD,roae5Y,21.86821,
ABMD,roaeTTM,18.83188,
ABMD,roeRfy,18.83188,
ABMD,roeTTM,16.63887,
ABMD,roi5Y,21.3672,
ABMD,roiAnnual,18.41045,
ABMD,roiTTM,18.41045,
ABMD,tangibleBookValuePerShareAnnual,26.70492,
ABMD,tangibleBookValuePerShareQuarterly,26.70492,
ABMD,tbvCagr5Y,30.4218,
ABMD,totalDebt/totalEquityAnnual,,
ABMD,totalDebt/totalEquityQuarterly,,
ABMD,totalDebtCagr5Y,,
ABMD,yearToDatePriceReturnDaily,-1.07033,
ABMD,annual,,"{'cashRatio': [{'period': '2020-03-31', 'v': 1.4583993630814729}, {'period': '2019-03-31', 'v': 1.141729089228099}, {'period': '2018-03-31', 'v': 0.5074868330932193}, {'period': '2017-03-31', 'v': 0.5607825674763347}, {'period': '2016-03-31', 'v': 1.0363120689284715}, {'period': '2015-03-31', 'v': 0.5697245606449808}, {'period': '2014-03-31', 'v': 0.6875}, {'period': '2013-03-31', 'v': 0.3505535055350553}, {'period': '2012-03-31', 'v': 0.26785714285714285}, {'period': '2011-03-31', 'v': 0.2600896860986547}, {'period': '2010-03-31', 'v': 0.26519337016574585}, {'period': '2009-03-31', 'v': 0.10227272727272728}, {'period': '2008-03-31', 'v': 0.10256410256410256}, {'period': '2007-03-31', 'v': 5.395348837209302}, {'period': '2006-03-31', 'v': 0.896551724137931}, {'period': '2005-03-31', 'v': 1.551020408163265}, {'period': '2004-03-31', 'v': 1.4375000000000002}, {'period': '2003-03-31', 'v': 7.193548387096774}, {'period': '2002-03-31', 'v': 4.480392156862746}, {'period': '2001-03-31', 'v': 10.055555555555555}, {'period': '2000-03-31', 'v': 12.580246913580249}], 'currentRatio': [{'period': '2020-03-31', 'v': 4.8213}, {'period': '2019-03-31', 'v': 6.3888}, {'period': '2018-03-31', 'v': 5.8368}, {'period': '2017-03-31', 'v': 4.6965}, {'period': '2016-03-31', 'v': 6.1965}, {'period': '2015-03-31', 'v': 4.7061}, {'period': '2014-03-31', 'v': 3.8816}, {'period': '2013-03-31', 'v': 4.3026}, {'period': '2012-03-31', 'v': 4.933}, {'period': '2011-03-31', 'v': 3.7982}, {'period': '2010-03-31', 'v': 4.5691}, {'period': '2009-03-31', 'v': 5.0284}, {'period': '2008-03-31', 'v': 3.6667}, {'period': '2007-03-31', 'v': 7.4729}, {'period': '2006-03-31', 'v': 5.3333}, {'period': '2005-03-31', 'v': 11.2653}, {'period': '2004-03-31', 'v': 7.7083}, {'period': '2003-03-31', 'v': 10.2581}, {'period': '2002-03-31', 'v': 8.2059}, {'period': '2001-03-31', 'v': 11.8889}, {'period': '2000-03-31', 'v': 14.4568}], 'ebitPerShare': [{'period': '2020-03-31', 'v': 5.337}, {'period': '2019-03-31', 'v': 4.8712}, {'period': '2018-03-31', 'v': 3.4273}, {'period': '2017-03-31', 'v': 2.0184}, {'period': '2016-03-31', 'v': 1.4501}, {'period': '2015-03-31', 'v': 0.6689}, {'period': '2014-03-31', 'v': 0.2019}, {'period': '2013-03-31', 'v': 0.4015}, {'period': '2012-03-31', 'v': 0.0373}, {'period': '2011-03-31', 'v': -0.3011}, {'period': '2010-03-31', 'v': -0.6802}, {'period': '2009-03-31', 'v': -0.8453}, {'period': '2008-03-31', 'v': -1.1231}, {'period': '2007-03-31', 'v': -1.0517}, {'period': '2006-03-31', 'v': -1.1836}, {'period': '2005-03-31', 'v': -0.1514}, {'period': '2004-03-31', 'v': -0.4858}, {'period': '2003-03-31', 'v': -0.9286}, {'period': '2002-03-31', 'v': -1.177}, {'period': '2001-03-31', 'v': -0.8544}, {'period': '2000-03-31', 'v': -0.6591}], 'eps': [{'period': '2020-03-31', 'v': 4.431}, {'period': '2019-03-31', 'v': 5.6124}, {'period': '2018-03-31', 'v': 2.4465}, {'period': '2017-03-31', 'v': 1.167}, {'period': '2016-03-31', 'v': 0.8497}, {'period': '2015-03-31', 'v': 2.6527}, {'period': '2014-03-31', 'v': 0.1779}, {'period': '2013-03-31', 'v': 0.365}, {'period': '2012-03-31', 'v': 0.0373}, {'period': '2011-03-31', 'v': -0.3172}, {'period': '2010-03-31', 'v': -0.5149}, {'period': '2009-03-31', 'v': -0.9054}, {'period': '2008-03-31', 'v': -1.2585}, {'period': '2007-03-31', 'v': -1.0295}, {'period': '2006-03-31', 'v': -1.1484}, {'period': '2005-03-31', 'v': -0.1055}, {'period': '2004-03-31', 'v': -0.4434}, {'period': '2003-03-31', 'v': -0.8667}, {'period': '2002-03-31', 'v': -1.0383}, {'period': '2001-03-31', 'v': -0.5534}, {'period': '2000-03-31', 'v': -0.5966}], 'grossMargin': [{'period': '2020-03-31', 'v': 0.8201}, {'period': '2019-03-31', 'v': 0.8316}, {'period': '2018-03-31', 'v': 0.834}, {'period': '2017-03-31', 'v': 0.8414}, {'period': '2016-03-31', 'v': 0.847}, {'period': '2015-03-31', 'v': 0.8266}, {'period': '2014-03-31', 'v': 0.7968}, {'period': '2013-03-31', 'v': 0.8001}, {'period': '2012-03-31', 'v': 0.8062}, {'period': '2011-03-31', 'v': 0.7826}, {'period': '2010-03-31', 'v': 0.7375}, {'period': '2009-03-31', 'v': 0.7213}, {'period': '2008-03-31', 'v': 0.7453}, {'period': '2007-03-31', 'v': 0.7628}, {'period': '2006-03-31', 'v': 0.7323}, {'period': '2005-03-31', 'v': 0.7565}, {'period': '2004-03-31', 'v': 0.7043}, {'period': '2003-03-31', 'v': 0.6781}, {'period': '2002-03-31', 'v': 0.7026}, {'period': '2001-03-31', 'v': 0.7028}, {'period': '2000-03-31', 'v': 0.7378}], 'longtermDebtTotalAsset': [], 'longtermDebtTotalCapital': [], 'longtermDebtTotalEquity': [], 'netDebtToTotalCapital': [{'period': '2020-03-31', 'v': -0.1805}, {'period': '2019-03-31', 'v': -0.1292}, {'period': '2018-03-31', 'v': -0.0623}, {'period': '2017-03-31', 'v': -0.0485}, {'period': '2016-03-31', 'v': -0.1308}, {'period': '2015-03-31', 'v': -0.0768}, {'period': '2014-03-31', 'v': -0.1241}, {'period': '2013-03-31', 'v': -0.0693}, {'period': '2012-03-31', 'v': -0.0475}, {'period': '2011-03-31', 'v': -0.0554}, {'period': '2010-03-31', 'v': -0.0444}, {'period': '2009-03-31', 'v': -0.0155}, {'period': '2008-03-31', 'v': -0.0214}, {'period': '2007-03-31', 'v': -0.57}, {'period': '2006-03-31', 'v': -0.1122}, {'period': '2005-03-31', 'v': -0.1352}, {'period': '2004-03-31', 'v': -0.1271}, {'period': '2003-03-31', 'v': -0.7182}, {'period': '2002-03-31', 'v': -0.5743}, {'period': '2001-03-31', 'v': -0.8292}, {'period': '2000-03-31', 'v': -0.8992}], 'netDebtToTotalEquity': [{'period': '2020-03-31', 'v': -0.1805}, {'period': '2019-03-31', 'v': -0.1292}, {'period': '2018-03-31', 'v': -0.0623}, {'period': '2017-03-31', 'v': -0.0502}, {'period': '2016-03-31', 'v': -0.1308}, {'period': '2015-03-31', 'v': -0.0768}, {'period': '2014-03-31', 'v': -0.1241}, {'period': '2013-03-31', 'v': -0.0693}, {'period': '2012-03-31', 'v': -0.0475}, {'period': '2011-03-31', 'v': -0.0554}, {'period': '2010-03-31', 'v': -0.0444}, {'period': '2009-03-31', 'v': -0.0155}, {'period': '2008-03-31', 'v': -0.0214}, {'period': '2007-03-31', 'v': -0.57}, {'period': '2006-03-31', 'v': -0.1122}, {'period': '2005-03-31', 'v': -0.1352}, {'period': '2004-03-31', 'v': -0.1271}, {'period': '2003-03-31', 'v': -0.7182}, {'period': '2002-03-31', 'v': -0.575}, {'period': '2001-03-31', 'v': -0.8307}, {'period': '2000-03-31', 'v': -0.9008}], 'netMargin': [{'period': '2020-03-31', 'v': 0.2414}, {'period': '2019-03-31', 'v': 0.3366}, {'period': '2018-03-31', 'v': 0.1889}, {'period': '2017-03-31', 'v': 0.117}, {'period': '2016-03-31', 'v': 0.1158}, {'period': '2015-03-31', 'v': 0.4936}, {'period': '2014-03-31', 'v': 0.0403}, {'period': '2013-03-31', 'v': 0.0949}, {'period': '2012-03-31', 'v': 0.0119}, {'period': '2011-03-31', 'v': -0.1166}, {'period': '2010-03-31', 'v': -0.2217}, {'period': '2009-03-31', 'v': -0.4317}, {'period': '2008-03-31', 'v': -0.6944}, {'period': '2007-03-31', 'v': -0.5514}, {'period': '2006-03-31', 'v': -0.6728}, {'period': '2005-03-31', 'v': -0.0602}, {'period': '2004-03-31', 'v': -0.3658}, {'period': '2003-03-31', 'v': -0.7811}, {'period': '2002-03-31', 'v': -0.8067}, {'period': '2001-03-31', 'v': -0.4578}, {'period': '2000-03-31', 'v': -0.4667}], 'operatingMargin': [{'period': '2020-03-31', 'v': 0.2908}, {'period': '2019-03-31', 'v': 0.2922}, {'period': '2018-03-31', 'v': 0.2647}, {'period': '2017-03-31', 'v': 0.2024}, {'period': '2016-03-31', 'v': 0.1976}, {'period': '2015-03-31', 'v': 0.1245}, {'period': '2014-03-31', 'v': 0.0458}, {'period': '2013-03-31', 'v': 0.1044}, {'period': '2012-03-31', 'v': 0.0119}, {'period': '2011-03-31', 'v': -0.1107}, {'period': '2010-03-31', 'v': -0.2929}, {'period': '2009-03-31', 'v': -0.403}, {'period': '2008-03-31', 'v': -0.6197}, {'period': '2007-03-31', 'v': -0.5632}, {'period': '2006-03-31', 'v': -0.6934}, {'period': '2005-03-31', 'v': -0.0864}, {'period': '2004-03-31', 'v': -0.4008}, {'period': '2003-03-31', 'v': -0.8369}, {'period': '2002-03-31', 'v': -0.9145}, {'period': '2001-03-31', 'v': -0.7068}, {'period': '2000-03-31', 'v': -0.5156}], 'pretaxMargin': [{'period': '2020-03-31', 'v': 0.3054}, {'period': '2019-03-31', 'v': 0.3423}, {'period': '2018-03-31', 'v': 0.2702}, {'period': '2017-03-31', 'v': 0.2051}, {'period': '2016-03-31', 'v': 0.1998}, {'period': '2015-03-31', 'v': 0.1249}, {'period': '2014-03-31', 'v': 0.0463}, {'period': '2013-03-31', 'v': 0.1069}, {'period': '2012-03-31', 'v': 0.0198}, {'period': '2011-03-31', 'v': -0.1077}, {'period': '2010-03-31', 'v': -0.2147}, {'period': '2009-03-31', 'v': -0.4208}, {'period': '2008-03-31', 'v': -0.6859}, {'period': '2007-03-31', 'v': -0.5415}, {'period': '2006-03-31', 'v': -0.6659}, {'period': '2005-03-31', 'v': -0.0602}, {'period': '2004-03-31', 'v': -0.3658}, {'period': '2003-03-31', 'v': -0.7811}, {'period': '2002-03-31', 'v': -0.8067}, {'period': '2001-03-31', 'v': -0.4578}, {'period': '2000-03-31', 'v': -0.4667}], 'salesPerShare': [{'period': '2020-03-31', 'v': 18.3535}, {'period': '2019-03-31', 'v': 16.6721}, {'period': '2018-03-31', 'v': 12.9501}, {'period': '2017-03-31', 'v': 9.9714}, {'period': '2016-03-31', 'v': 7.3403}, {'period': '2015-03-31', 'v': 5.3738}, {'period': '2014-03-31', 'v': 4.4135}, {'period': '2013-03-31', 'v': 3.8467}, {'period': '2012-03-31', 'v': 3.1443}, {'period': '2011-03-31', 'v': 2.7204}, {'period': '2010-03-31', 'v': 2.3225}, {'period': '2009-03-31', 'v': 2.0974}, {'period': '2008-03-31', 'v': 1.8123}, {'period': '2007-03-31', 'v': 1.8672}, {'period': '2006-03-31', 'v': 1.707}, {'period': '2005-03-31', 'v': 1.7523}, {'period': '2004-03-31', 'v': 1.2123}, {'period': '2003-03-31', 'v': 1.1095}, {'period': '2002-03-31', 'v': 1.2871}, {'period': '2001-03-31', 'v': 1.2087}, {'period': '2000-03-31', 'v': 1.2784}], 'sgaToSale': [{'period': '2020-03-31', 'v': 0.1799}, {'period': '2019-03-31', 'v': 0.1684}, {'period': '2018-03-31', 'v': 0.166}, {'period': '2017-03-31', 'v': 0.1586}, {'period': '2016-03-31', 'v': 0.153}, {'period': '2015-03-31', 'v': 0.1734}, {'period': '2014-03-31', 'v': 0.2032}, {'period': '2013-03-31', 'v': 0.1999}, {'period': '2012-03-31', 'v': 0.1938}, {'period': '2011-03-31', 'v': 0.2174}, {'period': '2010-03-31', 'v': 0.2625}, {'period': '2009-03-31', 'v': 0.2787}, {'period': '2008-03-31', 'v': 0.2564}, {'period': '2007-03-31', 'v': 0.2372}, {'period': '2006-03-31', 'v': 0.2677}, {'period': '2005-03-31', 'v': 0.2461}, {'period': '2004-03-31', 'v': 0.2957}, {'period': '2003-03-31', 'v': 0.3219}, {'period': '2002-03-31', 'v': 0.2937}, {'period': '2001-03-31', 'v': 0.2972}, {'period': '2000-03-31', 'v': 0.2622}], 'totalDebtToEquity': [{'period': '2020-03-31', 'v': 0}, {'period': '2019-03-31', 'v': 0}, {'period': '2018-03-31', 'v': 0}, {'period': '2017-03-31', 'v': 0.0361}, {'period': '2016-03-31', 'v': 0}, {'period': '2015-03-31', 'v': 0}, {'period': '2014-03-31', 'v': 0}, {'period': '2013-03-31', 'v': 0}, {'period': '2012-03-31', 'v': 0}, {'period': '2011-03-31', 'v': 0}, {'period': '2010-03-31', 'v': 0}, {'period': '2009-03-31', 'v': 0}, {'period': '2008-03-31', 'v': 0}, {'period': '2007-03-31', 'v': 0}, {'period': '2006-03-31', 'v': 0}, {'period': '2005-03-31', 'v': 0}, {'period': '2004-03-31', 'v': 0}, {'period': '2003-03-31', 'v': 0}, {'period': '2002-03-31', 'v': 0.0013}, {'period': '2001-03-31', 'v': 0.0018}, {'period': '2000-03-31', 'v': 0.0018}], 'totalDebtToTotalAsset': [{'period': '2020-03-31', 'v': 0}, {'period': '2019-03-31', 'v': 0}, {'period': '2018-03-31', 'v': 0}, {'period': '2017-03-31', 'v': 0.0297}, {'period': '2016-03-31', 'v': 0}, {'period': '2015-03-31', 'v': 0}, {'period': '2014-03-31', 'v': 0}, {'period': '2013-03-31', 'v': 0}, {'period': '2012-03-31', 'v': 0}, {'period': '2011-03-31', 'v': 0}, {'period': '2010-03-31', 'v': 0}, {'period': '2009-03-31', 'v': 0}, {'period': '2008-03-31', 'v': 0}, {'period': '2007-03-31', 'v': 0}, {'period': '2006-03-31', 'v': 0}, {'period': '2005-03-31', 'v': 0}, {'period': '2004-03-31', 'v': 0}, {'period': '2003-03-31', 'v': 0}, {'period': '2002-03-31', 'v': 0.0011}, {'period': '2001-03-31', 'v': 0.0017}, {'period': '2000-03-31', 'v': 0.0016}], 'totalDebtToTotalCapital': [{'period': '2020-03-31', 'v': 0}, {'period': '2019-03-31', 'v': 0}, {'period': '2018-03-31', 'v': 0}, {'period': '2017-03-31', 'v': 0.0349}, {'period': '2016-03-31', 'v': 0}, {'period': '2015-03-31', 'v': 0}, {'period': '2014-03-31', 'v': 0}, {'period': '2013-03-31', 'v': 0}, {'period': '2012-03-31', 'v': 0}, {'period': '2011-03-31', 'v': 0}, {'period': '2010-03-31', 'v': 0}, {'period': '2009-03-31', 'v': 0}, {'period': '2008-03-31', 'v': 0}, {'period': '2007-03-31', 'v': 0}, {'period': '2006-03-31', 'v': 0}, {'period': '2005-03-31', 'v': 0}, {'period': '2004-03-31', 'v': 0}, {'period': '2003-03-31', 'v': 0}, {'period': '2002-03-31', 'v': 0.0013}, {'period': '2001-03-31', 'v': 0.0018}, {'period': '2000-03-31', 'v': 0.0018}], 'totalRatio': [{'period': '2020-03-31', 'v': 8.0563}, {'period': '2019-03-31', 'v': 8.9765}, {'period': '2018-03-31', 'v': 8.1194}, {'period': '2017-03-31', 'v': 5.5969}, {'period': '2016-03-31', 'v': 7.686}, {'period': '2015-03-31', 'v': 7.229}, {'period': '2014-03-31', 'v': 5.5364}, {'period': '2013-03-31', 'v': 5.1672}, {'period': '2012-03-31', 'v': 5.5761}, {'period': '2011-03-31', 'v': 4.9104}, {'period': '2010-03-31', 'v': 6}, {'period': '2009-03-31', 'v': 6.8}, {'period': '2008-03-31', 'v': 4.8361}, {'period': '2007-03-31', 'v': 9.6596}, {'period': '2006-03-31', 'v': 8.7222}, {'period': '2005-03-31', 'v': 12.4694}, {'period': '2004-03-31', 'v': 12.3333}, {'period': '2003-03-31', 'v': 11.0161}, {'period': '2002-03-31', 'v': 8.7745}, {'period': '2001-03-31', 'v': 12.6882}, {'period': '2000-03-31', 'v': 13.6854}]}"
ACN,10DayAverageTradingVolume,1.47313,
ACN,13WeekPriceReturnDaily,17.22613,
ACN,26WeekPriceReturnDaily,29.19233,
ACN,3MonthAverageTradingVolume,43.38405,
ACN,52WeekHigh,293.42,
ACN,52WeekHighDate,2021-05-03,
ACN,52WeekLow,174.94,
ACN,52WeekLowDate,2020-05-14,
ACN,52WeekPriceReturnDaily,62.42411,
ACN,5DayPriceReturnDaily,0.46512,
ACN,assetTurnoverAnnual,1.3258,
ACN,assetTurnoverTTM,1.2431,
ACN,beta,1.09189,
ACN,bookValuePerShareAnnual,26.78545,
ACN,bookValuePerShareQuarterly,28.77859,
ACN,bookValueShareGrowth5Y,23.20333,
ACN,capitalSpendingGrowth5Y,8.68794,
ACN,cashFlowPerShareAnnual,9.11865,
ACN,cashFlowPerShareTTM,9.78969,
ACN,cashPerSharePerShareAnnual,13.40749,
ACN,cashPerSharePerShareQuarterly,14.41458,
ACN,currentDividendYieldTTM,1.15226,
ACN,currentEv/freeCashFlowAnnual,56.83328,
ACN,currentEv/freeCashFlowTTM,50.51502,
ACN,currentRatioAnnual,1.40175,
ACN,currentRatioQuarterly,1.3882,
ACN,dividendGrowthRate5Y,9.76018,
ACN,dividendPerShare5Y,2.68,
ACN,dividendPerShareAnnual,3.2,
ACN,dividendYield5Y,1.57106,
ACN,dividendYieldIndicatedAnnual,1.20713,
ACN,dividendsPerShareTTM,3.36,
ACN,ebitdPerShareTTM,11.73871,
ACN,ebitdaCagr5Y,7.05209,
ACN,ebitdaInterimCagr5Y,7.51411,
ACN,epsBasicExclExtraItemsAnnual,8.02741,
ACN,epsBasicExclExtraItemsTTM,8.58704,
ACN,epsExclExtraItemsAnnual,7.8947,
ACN,epsExclExtraItemsTTM,8.45108,
ACN,epsGrowth3Y,13.20286,
ACN,epsGrowth5Y,10.63744,
ACN,epsGrowthQuarterlyYoy,15.08336,
ACN,epsGrowthTTMYoy,9.7694,
ACN,epsInclExtraItemsAnnual,7.8947,
ACN,epsInclExtraItemsTTM,8.45108,
ACN,epsNormalizedAnnual,7.8947,
ACN,focfCagr5Y,18.18561,
ACN,freeCashFlowAnnual,5580.822,
ACN,freeCashFlowPerShareTTM,11.40968,
ACN,freeCashFlowTTM,7376.129,
ACN,freeOperatingCashFlow/revenue5Y,9.64393,
ACN,freeOperatingCashFlow/revenueTTM,16.14849,
ACN,grossMargin5Y,30.64178,
ACN,grossMarginAnnual,31.52964,
ACN,grossMarginTTM,31.66318,
ACN,inventoryTurnoverAnnual,,
ACN,inventoryTurnoverTTM,,
ACN,longTermDebt/equityAnnual,0.31794,
ACN,longTermDebt/equityQuarterly,0.32403,
ACN,marketCapitalization,193947.5,
ACN,monthToDatePriceReturnDaily,0.56213,
ACN,netDebtAnnual,-8447.767,
ACN,netDebtInterim,-9101.733,
ACN,netIncomeEmployeeAnnual,10391.41,
ACN,netIncomeEmployeeTTM,10951.8,
ACN,netInterestCoverageAnnual,,
ACN,netInterestCoverageTTM,474.9734,
ACN,netMarginGrowth5Y,3.29716,
ACN,netProfitMargin5Y,11.23174,
ACN,netProfitMarginAnnual,11.69786,
ACN,netProfitMarginTTM,12.1322,
ACN,operatingMargin5Y,14.56481,
ACN,operatingMarginAnnual,14.69452,
ACN,operatingMarginTTM,14.89073,
ACN,payoutRatioAnnual,39.8446,
ACN,payoutRatioTTM,39.11689,
ACN,pbAnnual,10.88651,
ACN,pbQuarterly,10.13253,
ACN,pcfShareTTM,30.64503,
ACN,peBasicExclExtraTTM,29.21845,
ACN,peExclExtraAnnual,36.93617,
ACN,peExclExtraHighTTM,30.53109,
ACN,peExclExtraTTM,34.50447,
ACN,peExclLowTTM,17.67835,
ACN,peInclExtraTTM,34.50447,
ACN,peNormalizedAnnual,36.93617,
ACN,pfcfShareAnnual,34.75249,
ACN,pfcfShareTTM,26.29393,
ACN,pretaxMargin5Y,14.56266,
ACN,pretaxMarginAnnual,15.28262,
ACN,pretaxMarginTTM,15.79232,
ACN,priceRelativeToS&P50013Week,7.70231,
ACN,priceRelativeToS&P50026Week,4.51504,
ACN,priceRelativeToS&P5004Week,1.28466,
ACN,priceRelativeToS&P50052Week,10.86848,
ACN,priceRelativeToS&P500Ytd,0.682,
ACN,psAnnual,4.37538,
ACN,psTTM,4.24607,
ACN,ptbvAnnual,23.47606,
ACN,ptbvQuarterly,23.23458,
ACN,quickRatioAnnual,,
ACN,quickRatioQuarterly,,
ACN,receivablesTurnoverAnnual,5.56105,
ACN,receivablesTurnoverTTM,5.29792,
ACN,revenueEmployeeAnnual,88831.74,
ACN,revenueEmployeeTTM,90270.52,
ACN,revenueGrowth3Y,7.00712,
ACN,revenueGrowth5Y,6.13448,
ACN,revenueGrowthQuarterlyYoy,8.49634,
ACN,revenueGrowthTTMYoy,2.28657,
ACN,revenuePerShareAnnual,68.42736,
ACN,revenuePerShareTTM,70.65474,
ACN,revenueShareGrowth5Y,7.13012,
ACN,roaRfy,15.50899,
ACN,roaa5Y,17.90111,
ACN,roae5Y,41.02808,
ACN,roaeTTM,32.30813,
ACN,roeRfy,32.52412,
ACN,roeTTM,15.08151,
ACN,roi5Y,31.12042,
ACN,roiAnnual,24.55942,
ACN,roiTTM,23.46154,
ACN,tangibleBookValuePerShareAnnual,13.01653,
ACN,tangibleBookValuePerShareQuarterly,13.12131,
ACN,tbvCagr5Y,24.70786,
ACN,totalDebt/totalEquityAnnual,0.36394,
ACN,totalDebt/totalEquityQuarterly,0.3734,
ACN,totalDebtCagr5Y,17.66244,
ACN,yearToDatePriceReturnDaily,11.63432,
ACN,annual,,"{'cashRatio': [{'period': '2020-08-31', 'v': 0.6645820483803077}, {'period': '2019-08-31', 'v': 0.5538556862223257}, {'period': '2018-08-31', 'v': 0.4940725989043664}, {'period': '2017-08-31', 'v': 0.41543130035293174}, {'period': '2016-08-31', 'v': 0.5473783760284466}, {'period': '2015-08-31', 'v': 0.5081648746921155}, {'period': '2014-08-31', 'v': 0.603211571463594}, {'period': '2013-08-31', 'v': 0.6901115059428992}, {'period': '2012-08-31', 'v': 0.818966580342829}, {'period': '2011-08-31', 'v': 0.721006702921462}, {'period': '2010-08-31', 'v': 0.7366017052375152}, {'period': '2009-08-31', 'v': 0.7384165176394082}, {'period': '2008-08-31', 'v': 0.5261390186915887}, {'period': '2007-08-31', 'v': 0.4759442768921442}, {'period': '2006-08-31', 'v': 0.5273383768913342}, {'period': '2005-08-31', 'v': 0.5109008638420404}, {'period': '2004-08-31', 'v': 0.5785180149558123}, {'period': '2003-08-31', 'v': 0.6959116681587586}, {'period': '2002-08-31', 'v': 0.3958521190261497}, {'period': '2001-08-31', 'v': 0.449868389566882}, {'period': '2000-08-31', 'v': 0.42593833780160856}], 'currentRatio': [{'period': '2020-08-31', 'v': 1.4017}, {'period': '2019-08-31', 'v': 1.3967}, {'period': '2018-08-31', 'v': 1.3382}, {'period': '2017-08-31', 'v': 1.2314}, {'period': '2016-08-31', 'v': 1.3488}, {'period': '2015-08-31', 'v': 1.2602}, {'period': '2014-08-31', 'v': 1.4592}, {'period': '2013-08-31', 'v': 1.4513}, {'period': '2012-08-31', 'v': 1.5523}, {'period': '2011-08-31', 'v': 1.4507}, {'period': '2010-08-31', 'v': 1.4562}, {'period': '2009-08-31', 'v': 1.4617}, {'period': '2008-08-31', 'v': 1.3375}, {'period': '2007-08-31', 'v': 1.1448}, {'period': '2006-08-31', 'v': 1.2644}, {'period': '2005-08-31', 'v': 1.3749}, {'period': '2004-08-31', 'v': 1.3814}, {'period': '2003-08-31', 'v': 1.5031}, {'period': '2002-08-31', 'v': 1.2206}, {'period': '2001-08-31', 'v': 1.096}, {'period': '2000-08-31', 'v': 1.3401}], 'ebitPerShare': [{'period': '2020-08-31', 'v': 10.0551}, {'period': '2019-08-31', 'v': 9.6971}, {'period': '2018-08-31', 'v': 9.0017}, {'period': '2017-08-31', 'v': 7.088}, {'period': '2016-08-31', 'v': 8.4749}, {'period': '2015-08-31', 'v': 6.5353}, {'period': '2014-08-31', 'v': 6.2153}, {'period': '2013-08-31', 'v': 6.0856}, {'period': '2012-08-31', 'v': 5.3333}, {'period': '2011-08-31', 'v': 4.6703}, {'period': '2010-08-31', 'v': 3.8055}, {'period': '2009-08-31', 'v': 3.3596}, {'period': '2008-08-31', 'v': 3.6553}, {'period': '2007-08-31', 'v': 2.8888}, {'period': '2006-08-31', 'v': 2.0593}, {'period': '2005-08-31', 'v': 2.1967}, {'period': '2004-08-31', 'v': 1.7537}, {'period': '2003-08-31', 'v': 1.5557}, {'period': '2002-08-31', 'v': 1.3525}, {'period': '2001-08-31', 'v': 0.6905}, {'period': '2000-08-31', 'v': 2.1049}], 'eps': [{'period': '2020-08-31', 'v': 7.8849}, {'period': '2019-08-31', 'v': 7.3502}, {'period': '2018-08-31', 'v': 6.1955}, {'period': '2017-08-31', 'v': 5.2163}, {'period': '2016-08-31', 'v': 6.1576}, {'period': '2015-08-31', 'v': 4.4988}, {'period': '2014-08-31', 'v': 4.25}, {'period': '2013-08-31', 'v': 4.6031}, {'period': '2012-08-31', 'v': 3.5179}, {'period': '2011-08-31', 'v': 3.0659}, {'period': '2010-08-31', 'v': 2.3251}, {'period': '2009-08-31', 'v': 2.0203}, {'period': '2008-08-31', 'v': 2.0534}, {'period': '2007-08-31', 'v': 1.4403}, {'period': '2006-08-31', 'v': 1.0884}, {'period': '2005-08-31', 'v': 0.9781}, {'period': '2004-08-31', 'v': 0.6889}, {'period': '2003-08-31', 'v': 0.4995}, {'period': '2002-08-31', 'v': 0.2393}, {'period': '2001-08-31', 'v': 1.0486}, {'period': '2000-08-31', 'v': 2.4864}], 'grossMargin': [{'period': '2020-08-31', 'v': 0.3153}, {'period': '2019-08-31', 'v': 0.3081}, {'period': '2018-08-31', 'v': 0.3048}, {'period': '2017-08-31', 'v': 0.306}, {'period': '2016-08-31', 'v': 0.2953}, {'period': '2015-08-31', 'v': 0.298}, {'period': '2014-08-31', 'v': 0.3038}, {'period': '2013-08-31', 'v': 0.3087}, {'period': '2012-08-31', 'v': 0.3018}, {'period': '2011-08-31', 'v': 0.3066}, {'period': '2010-08-31', 'v': 0.314}, {'period': '2009-08-31', 'v': 0.2952}, {'period': '2008-08-31', 'v': 0.2839}, {'period': '2007-08-31', 'v': 0.2816}, {'period': '2006-08-31', 'v': 0.274}, {'period': '2005-08-31', 'v': 0.2979}, {'period': '2004-08-31', 'v': 0.3054}, {'period': '2003-08-31', 'v': 0.3217}, {'period': '2002-08-31', 'v': 0.3569}, {'period': '2001-08-31', 'v': 0.3929}, {'period': '2000-08-31', 'v': 0.3697}], 'longtermDebtTotalAsset': [{'period': '2020-08-31', 'v': 0.0015}, {'period': '2019-08-31', 'v': 0.0005}, {'period': '2018-08-31', 'v': 0.0008}, {'period': '2017-08-31', 'v': 0.001}, {'period': '2016-08-31', 'v': 0.0012}, {'period': '2015-08-31', 'v': 0.0014}, {'period': '2014-08-31', 'v': 0.0015}, {'period': '2013-08-31', 'v': 0.0015}, {'period': '2012-08-31', 'v': 0}, {'period': '2011-08-31', 'v': 0}, {'period': '2010-08-31', 'v': 0.0001}, {'period': '2009-08-31', 'v': 0}, {'period': '2008-08-31', 'v': 0.0002}, {'period': '2007-08-31', 'v': 0.0003}, {'period': '2006-08-31', 'v': 0.0029}, {'period': '2005-08-31', 'v': 0.0049}, {'period': '2004-08-31', 'v': 0.0003}, {'period': '2003-08-31', 'v': 0.0022}, {'period': '2002-08-31', 'v': 0.0005}, {'period': '2001-08-31', 'v': 0.0002}, {'period': '2000-08-31', 'v': 0.0182}], 'longtermDebtTotalCapital': [{'period': '2020-08-31', 'v': 0.0032}, {'period': '2019-08-31', 'v': 0.0011}, {'period': '2018-08-31', 'v': 0.0019}, {'period': '2017-08-31', 'v': 0.0025}, {'period': '2016-08-31', 'v': 0.0032}, {'period': '2015-08-31', 'v': 0.0042}, {'period': '2014-08-31', 'v': 0.0045}, {'period': '2013-08-31', 'v': 0.0052}, {'period': '2012-08-31', 'v': 0}, {'period': '2011-08-31', 'v': 0}, {'period': '2010-08-31', 'v': 0.0004}, {'period': '2009-08-31', 'v': 0}, {'period': '2008-08-31', 'v': 0.0008}, {'period': '2007-08-31', 'v': 0.0014}, {'period': '2006-08-31', 'v': 0.0139}, {'period': '2005-08-31', 'v': 0.0248}, {'period': '2004-08-31', 'v': 0.0013}, {'period': '2003-08-31', 'v': 0.0164}, {'period': '2002-08-31', 'v': 0.0059}, {'period': '2001-08-31', 'v': 0.0021}, {'period': '2000-08-31', 'v': 0.0372}], 'longtermDebtTotalEquity': [{'period': '2020-08-31', 'v': 0.0032}, {'period': '2019-08-31', 'v': 0.0011}, {'period': '2018-08-31', 'v': 0.0019}, {'period': '2017-08-31', 'v': 0.0025}, {'period': '2016-08-31', 'v': 0.0032}, {'period': '2015-08-31', 'v': 0.0042}, {'period': '2014-08-31', 'v': 0.0045}, {'period': '2013-08-31', 'v': 0.0052}, {'period': '2012-08-31', 'v': 0}, {'period': '2011-08-31', 'v': 0}, {'period': '2010-08-31', 'v': 0.0004}, {'period': '2009-08-31', 'v': 0}, {'period': '2008-08-31', 'v': 0.0008}, {'period': '2007-08-31', 'v': 0.0015}, {'period': '2006-08-31', 'v': 0.0143}, {'period': '2005-08-31', 'v': 0.0259}, {'period': '2004-08-31', 'v': 0.0014}, {'period': '2003-08-31', 'v': 0.0176}, {'period': '2002-08-31', 'v': 0.0068}, {'period': '2001-08-31', 'v': 0.0035}, {'period': '2000-08-31', 'v': 0.0418}], 'netDebtToTotalCapital': [{'period': '2020-08-31', 'v': -0.4896}, {'period': '2019-08-31', 'v': -0.423}, {'period': '2018-08-31', 'v': -0.4803}, {'period': '2017-08-31', 'v': -0.452}, {'period': '2016-08-31', 'v': -0.6374}, {'period': '2015-08-31', 'v': -0.6959}, {'period': '2014-08-31', 'v': -0.8498}, {'period': '2013-08-31', 'v': -1.1243}, {'period': '2012-08-31', 'v': -1.6018}, {'period': '2011-08-31', 'v': -1.4672}, {'period': '2010-08-31', 'v': -1.704}, {'period': '2009-08-31', 'v': -1.5724}, {'period': '2008-08-31', 'v': -1.4104}, {'period': '2007-08-31', 'v': -1.574}, {'period': '2006-08-31', 'v': -1.5493}, {'period': '2005-08-31', 'v': -1.3595}, {'period': '2004-08-31', 'v': -1.6726}, {'period': '2003-08-31', 'v': -2.6604}, {'period': '2002-08-31', 'v': -2.4704}, {'period': '2001-08-31', 'v': -3.5612}, {'period': '2000-08-31', 'v': -0.367}], 'netDebtToTotalEquity': [{'period': '2020-08-31', 'v': -0.4914}, {'period': '2019-08-31', 'v': -0.4236}, {'period': '2018-08-31', 'v': -0.4815}, {'period': '2017-08-31', 'v': -0.4532}, {'period': '2016-08-31', 'v': -0.6397}, {'period': '2015-08-31', 'v': -0.699}, {'period': '2014-08-31', 'v': -0.8538}, {'period': '2013-08-31', 'v': -1.1302}, {'period': '2012-08-31', 'v': -1.6018}, {'period': '2011-08-31', 'v': -1.4687}, {'period': '2010-08-31', 'v': -1.7052}, {'period': '2009-08-31', 'v': -1.5729}, {'period': '2008-08-31', 'v': -1.4148}, {'period': '2007-08-31', 'v': -1.5938}, {'period': '2006-08-31', 'v': -1.5919}, {'period': '2005-08-31', 'v': -1.4196}, {'period': '2004-08-31', 'v': -1.7113}, {'period': '2003-08-31', 'v': -2.8615}, {'period': '2002-08-31', 'v': -2.8474}, {'period': '2001-08-31', 'v': -5.9858}, {'period': '2000-08-31', 'v': -0.4126}], 'netMargin': [{'period': '2020-08-31', 'v': 0.1152}, {'period': '2019-08-31', 'v': 0.1106}, {'period': '2018-08-31', 'v': 0.099}, {'period': '2017-08-31', 'v': 0.0952}, {'period': '2016-08-31', 'v': 0.1182}, {'period': '2015-08-31', 'v': 0.0928}, {'period': '2014-08-31', 'v': 0.0923}, {'period': '2013-08-31', 'v': 0.108}, {'period': '2012-08-31', 'v': 0.0858}, {'period': '2011-08-31', 'v': 0.0833}, {'period': '2010-08-31', 'v': 0.0771}, {'period': '2009-08-31', 'v': 0.0686}, {'period': '2008-08-31', 'v': 0.0668}, {'period': '2007-08-31', 'v': 0.0579}, {'period': '2006-08-31', 'v': 0.0534}, {'period': '2005-08-31', 'v': 0.055}, {'period': '2004-08-31', 'v': 0.0457}, {'period': '2003-08-31', 'v': 0.0372}, {'period': '2002-08-31', 'v': 0.0187}, {'period': '2001-08-31', 'v': 0.0792}, {'period': '2000-08-31', 'v': 0.2135}], 'operatingMargin': [{'period': '2020-08-31', 'v': 0.1469}, {'period': '2019-08-31', 'v': 0.1459}, {'period': '2018-08-31', 'v': 0.1439}, {'period': '2017-08-31', 'v': 0.1294}, {'period': '2016-08-31', 'v': 0.1626}, {'period': '2015-08-31', 'v': 0.1348}, {'period': '2014-08-31', 'v': 0.1349}, {'period': '2013-08-31', 'v': 0.1428}, {'period': '2012-08-31', 'v': 0.13}, {'period': '2011-08-31', 'v': 0.1269}, {'period': '2010-08-31', 'v': 0.1262}, {'period': '2009-08-31', 'v': 0.1141}, {'period': '2008-08-31', 'v': 0.119}, {'period': '2007-08-31', 'v': 0.1162}, {'period': '2006-08-31', 'v': 0.101}, {'period': '2005-08-31', 'v': 0.1235}, {'period': '2004-08-31', 'v': 0.1164}, {'period': '2003-08-31', 'v': 0.1158}, {'period': '2002-08-31', 'v': 0.1057}, {'period': '2001-08-31', 'v': 0.0521}, {'period': '2000-08-31', 'v': 0.1808}], 'pretaxMargin': [{'period': '2020-08-31', 'v': 0.1528}, {'period': '2019-08-31', 'v': 0.1447}, {'period': '2018-08-31', 'v': 0.1417}, {'period': '2017-08-31', 'v': 0.1276}, {'period': '2016-08-31', 'v': 0.161}, {'period': '2015-08-31', 'v': 0.134}, {'period': '2014-08-31', 'v': 0.1348}, {'period': '2013-08-31', 'v': 0.1428}, {'period': '2012-08-31', 'v': 0.1311}, {'period': '2011-08-31', 'v': 0.1284}, {'period': '2010-08-31', 'v': 0.1262}, {'period': '2009-08-31', 'v': 0.1156}, {'period': '2008-08-31', 'v': 0.1228}, {'period': '2007-08-31', 'v': 0.1221}, {'period': '2006-08-31', 'v': 0.1056}, {'period': '2005-08-31', 'v': 0.1291}, {'period': '2004-08-31', 'v': 0.119}, {'period': '2003-08-31', 'v': 0.1204}, {'period': '2002-08-31', 'v': 0.0815}, {'period': '2001-08-31', 'v': 0.0596}, {'period': '2000-08-31', 'v': 0.2346}], 'salesPerShare': [{'period': '2020-08-31', 'v': 68.4274}, {'period': '2019-08-31', 'v': 66.4637}, {'period': '2018-08-31', 'v': 62.5557}, {'period': '2017-08-31', 'v': 54.775}, {'period': '2016-08-31', 'v': 52.1102}, {'period': '2015-08-31', 'v': 48.4922}, {'period': '2014-08-31', 'v': 46.0621}, {'period': '2013-08-31', 'v': 42.6283}, {'period': '2012-08-31', 'v': 41.0165}, {'period': '2011-08-31', 'v': 36.8143}, {'period': '2010-08-31', 'v': 30.1488}, {'period': '2009-08-31', 'v': 29.4422}, {'period': '2008-08-31', 'v': 30.7209}, {'period': '2007-08-31', 'v': 24.8586}, {'period': '2006-08-31', 'v': 20.3893}, {'period': '2005-08-31', 'v': 17.7877}, {'period': '2004-08-31', 'v': 15.0688}, {'period': '2003-08-31', 'v': 13.4373}, {'period': '2002-08-31', 'v': 12.7979}, {'period': '2001-08-31', 'v': 13.2421}, {'period': '2000-08-31', 'v': 11.6448}], 'sgaToSale': [{'period': '2020-08-31', 'v': 0.6847}, {'period': '2019-08-31', 'v': 0.6919}, {'period': '2018-08-31', 'v': 0.6952}, {'period': '2017-08-31', 'v': 0.694}, {'period': '2016-08-31', 'v': 0.7047}, {'period': '2015-08-31', 'v': 0.702}, {'period': '2014-08-31', 'v': 0.6962}, {'period': '2013-08-31', 'v': 0.6913}, {'period': '2012-08-31', 'v': 0.6982}, {'period': '2011-08-31', 'v': 0.6934}, {'period': '2010-08-31', 'v': 0.686}, {'period': '2009-08-31', 'v': 0.7048}, {'period': '2008-08-31', 'v': 0.7161}, {'period': '2007-08-31', 'v': 0.7184}, {'period': '2006-08-31', 'v': 0.726}, {'period': '2005-08-31', 'v': 0.7021}, {'period': '2004-08-31', 'v': 0.6945}, {'period': '2003-08-31', 'v': 0.6783}, {'period': '2002-08-31', 'v': 0.6431}, {'period': '2001-08-31', 'v': 0.6071}, {'period': '2000-08-31', 'v': 0.6303}], 'totalDebtToEquity': [{'period': '2020-08-31', 'v': 0.0036}, {'period': '2019-08-31', 'v': 0.0016}, {'period': '2018-08-31', 'v': 0.0024}, {'period': '2017-08-31', 'v': 0.0028}, {'period': '2016-08-31', 'v': 0.0036}, {'period': '2015-08-31', 'v': 0.0045}, {'period': '2014-08-31', 'v': 0.0047}, {'period': '2013-08-31', 'v': 0.0052}, {'period': '2012-08-31', 'v': 0}, {'period': '2011-08-31', 'v': 0.001}, {'period': '2010-08-31', 'v': 0.0007}, {'period': '2009-08-31', 'v': 0.0003}, {'period': '2008-08-31', 'v': 0.0031}, {'period': '2007-08-31', 'v': 0.0126}, {'period': '2006-08-31', 'v': 0.0275}, {'period': '2005-08-31', 'v': 0.0442}, {'period': '2004-08-31', 'v': 0.0231}, {'period': '2003-08-31', 'v': 0.0756}, {'period': '2002-08-31', 'v': 0.1526}, {'period': '2001-08-31', 'v': 0.6809}, {'period': '2000-08-31', 'v': 0.1242}], 'totalDebtToTotalAsset': [{'period': '2020-08-31', 'v': 0.0017}, {'period': '2019-08-31', 'v': 0.0008}, {'period': '2018-08-31', 'v': 0.001}, {'period': '2017-08-31', 'v': 0.0011}, {'period': '2016-08-31', 'v': 0.0013}, {'period': '2015-08-31', 'v': 0.0015}, {'period': '2014-08-31', 'v': 0.0015}, {'period': '2013-08-31', 'v': 0.0015}, {'period': '2012-08-31', 'v': 0}, {'period': '2011-08-31', 'v': 0.0003}, {'period': '2010-08-31', 'v': 0.0002}, {'period': '2009-08-31', 'v': 0.0001}, {'period': '2008-08-31', 'v': 0.0006}, {'period': '2007-08-31', 'v': 0.0024}, {'period': '2006-08-31', 'v': 0.0055}, {'period': '2005-08-31', 'v': 0.0084}, {'period': '2004-08-31', 'v': 0.0043}, {'period': '2003-08-31', 'v': 0.0093}, {'period': '2002-08-31', 'v': 0.0122}, {'period': '2001-08-31', 'v': 0.0317}, {'period': '2000-08-31', 'v': 0.0539}], 'totalDebtToTotalCapital': [{'period': '2020-08-31', 'v': 0.0036}, {'period': '2019-08-31', 'v': 0.0016}, {'period': '2018-08-31', 'v': 0.0024}, {'period': '2017-08-31', 'v': 0.0028}, {'period': '2016-08-31', 'v': 0.0036}, {'period': '2015-08-31', 'v': 0.0045}, {'period': '2014-08-31', 'v': 0.0047}, {'period': '2013-08-31', 'v': 0.0052}, {'period': '2012-08-31', 'v': 0}, {'period': '2011-08-31', 'v': 0.001}, {'period': '2010-08-31', 'v': 0.0007}, {'period': '2009-08-31', 'v': 0.0003}, {'period': '2008-08-31', 'v': 0.0031}, {'period': '2007-08-31', 'v': 0.0124}, {'period': '2006-08-31', 'v': 0.0267}, {'period': '2005-08-31', 'v': 0.0423}, {'period': '2004-08-31', 'v': 0.0226}, {'period': '2003-08-31', 'v': 0.0703}, {'period': '2002-08-31', 'v': 0.1324}, {'period': '2001-08-31', 'v': 0.4051}, {'period': '2000-08-31', 'v': 0.1104}], 'totalRatio': [{'period': '2020-08-31', 'v': 1.8467}, {'period': '2019-08-31', 'v': 1.9368}, {'period': '2018-08-31', 'v': 1.7359}, {'period': '2017-08-31', 'v': 1.6513}, {'period': '2016-08-31', 'v': 1.5788}, {'period': '2015-08-31', 'v': 1.5082}, {'period': '2014-08-31', 'v': 1.4699}, {'period': '2013-08-31', 'v': 1.4166}, {'period': '2012-08-31', 'v': 1.3311}, {'period': '2011-08-31', 'v': 1.3273}, {'period': '2010-08-31', 'v': 1.2835}, {'period': '2009-08-31', 'v': 1.3081}, {'period': '2008-08-31', 'v': 1.2578}, {'period': '2007-08-31', 'v': 1.2376}, {'period': '2006-08-31', 'v': 1.2517}, {'period': '2005-08-31', 'v': 1.2337}, {'period': '2004-08-31', 'v': 1.2259}, {'period': '2003-08-31', 'v': 1.1402}, {'period': '2002-08-31', 'v': 1.0871}, {'period': '2001-08-31', 'v': 1.0488}, {'period': '2000-08-31', 'v': 1.7681}]}"
