,,Symbol,Company Name
,,,
,,GSPC,S&P 500
,,,
,,,
,,XLC,Communication ServicesXLC
,,,
1,XLC,FB,FACEBOOK INC CLASS A COMMON STOCK USD.000006
2,XLC,GOOGL,ALPHABET INC CL A COMMON STOCK USD.001
3,XLC,GOOG,ALPHABET INC CL C COMMON STOCK USD.001
4,XLC,TMUS,T MOBILE US INC COMMON STOCK USD.0001
5,XLC,CHTR,CHARTER COMMUNICATIONS INC A COMMON STOCK USD.001
6,XLC,T,AT+T INC COMMON STOCK USD1.0
7,XLC,CMCSA,COMCAST CORP CLASS A COMMON STOCK USD.01
8,XLC,VZ,VERIZON COMMUNICATIONS INC COMMON STOCK USD.1
9,XLC,DIS,WALT DISNEY CO/THE COMMON STOCK USD.01
10,XLC,ATVI,ACTIVISION BLIZZARD INC COMMON STOCK USD.000001
11,XLC,NFLX,NETFLIX INC COMMON STOCK USD.001
12,XLC,TWTR,TWITTER INC COMMON STOCK USD.000005
13,XLC,EA,ELECTRONIC ARTS INC COMMON STOCK USD.01
14,XLC,VIAC,VIACOMCBS INC   CLASS B COMMON STOCK USD.001
15,XLC,TTWO,TAKE TWO INTERACTIVE SOFTWRE COMMON STOCK USD.01
16,XLC,OMC,OMNICOM GROUP COMMON STOCK USD.15
17,XLC,IPG,INTERPUBLIC GROUP OF COS INC COMMON STOCK USD.1
18,XLC,LUMN,LUMEN TECHNOLOGIES INC COMMON STOCK USD1.0
19,XLC,FOXA,FOX CORP   CLASS A COMMON STOCK USD.01
20,XLC,LYV,LIVE NATION ENTERTAINMENT IN COMMON STOCK USD.01
21,XLC,DISH,DISH NETWORK CORP A COMMON STOCK USD.01
22,XLC,NWSA,NEWS CORP   CLASS A COMMON STOCK USD.01
23,XLC,DISCK,DISCOVERY INC C COMMON STOCK USD.01
24,XLC,DISCA,DISCOVERY INC   A COMMON STOCK USD.01
25,XLC,FOX,FOX CORP   CLASS B COMMON STOCK USD.01
26,XLC,NWS,NEWS CORP   CLASS B COMMON STOCK
,,,
,,XLY,Consumer Discretionary
,,,
27,XLY,AMZN,AMAZON.COM INC COMMON STOCK USD.01
28,XLY,TSLA,TESLA INC COMMON STOCK USD.001
29,XLY,HD,HOME DEPOT INC COMMON STOCK USD.05
30,XLY,MCD,MCDONALD S CORP COMMON STOCK USD.01
31,XLY,NKE,NIKE INC  CL B COMMON STOCK
32,XLY,LOW,LOWE S COS INC COMMON STOCK USD.5
33,XLY,SBUX,STARBUCKS CORP COMMON STOCK USD.001
34,XLY,TGT,TARGET CORP COMMON STOCK USD.0833
35,XLY,BKNG,BOOKING HOLDINGS INC COMMON STOCK USD.008
36,XLY,TJX,TJX COMPANIES INC COMMON STOCK USD1.0
37,XLY,GM,GENERAL MOTORS CO COMMON STOCK USD.01
38,XLY,DG,DOLLAR GENERAL CORP COMMON STOCK USD.875
39,XLY,ROST,ROSS STORES INC COMMON STOCK USD.01
40,XLY,F,FORD MOTOR CO COMMON STOCK USD.01
41,XLY,CMG,CHIPOTLE MEXICAN GRILL INC COMMON STOCK USD.01
42,XLY,ORLY,O REILLY AUTOMOTIVE INC COMMON STOCK USD.01
43,XLY,MAR,MARRIOTT INTERNATIONAL  CL A COMMON STOCK USD.01
44,XLY,APTV,APTIV PLC COMMON STOCK USD.01
45,XLY,EBAY,EBAY INC COMMON STOCK USD.001
46,XLY,YUM,YUM  BRANDS INC COMMON STOCK
47,XLY,HLT,HILTON WORLDWIDE HOLDINGS IN COMMON STOCK USD.01
48,XLY,DHI,DR HORTON INC COMMON STOCK USD.01
49,XLY,AZO,AUTOZONE INC COMMON STOCK USD.01
50,XLY,LEN,LENNAR CORP A COMMON STOCK USD.1
51,XLY,VFC,VF CORP COMMON STOCK
52,XLY,DLTR,DOLLAR TREE INC COMMON STOCK USD.01
53,XLY,BBY,BEST BUY CO INC COMMON STOCK USD.1
54,XLY,EXPE,EXPEDIA GROUP INC COMMON STOCK USD.001
55,XLY,ETSY,ETSY INC COMMON STOCK USD.001
56,XLY,TSCO,TRACTOR SUPPLY COMPANY COMMON STOCK USD.008
57,XLY,KMX,CARMAX INC COMMON STOCK USD.5
58,XLY,CZR,CAESARS ENTERTAINMENT INC COMMON STOCK
59,XLY,CCL,CARNIVAL CORP COMMON STOCK USD.01
60,XLY,GRMN,GARMIN LTD COMMON STOCK CHF.1
61,XLY,LVS,LAS VEGAS SANDS CORP COMMON STOCK USD.001
62,XLY,GPC,GENUINE PARTS CO COMMON STOCK USD1.0
63,XLY,DRI,DARDEN RESTAURANTS INC COMMON STOCK
64,XLY,ULTA,ULTA BEAUTY INC COMMON STOCK USD.01
65,XLY,RCL,ROYAL CARIBBEAN CRUISES LTD COMMON STOCK USD.01
66,XLY,POOL,POOL CORP COMMON STOCK USD.001
67,XLY,NVR,NVR INC COMMON STOCK USD.01
68,XLY,MGM,MGM RESORTS INTERNATIONAL COMMON STOCK USD.01
69,XLY,DPZ,DOMINO S PIZZA INC COMMON STOCK USD.01
70,XLY,PHM,PULTEGROUP INC COMMON STOCK USD.01
71,XLY,WHR,WHIRLPOOL CORP COMMON STOCK USD1.0
72,XLY,LB,L BRANDS INC COMMON STOCK USD.5
73,XLY,TPR,TAPESTRY INC COMMON STOCK USD.01
74,XLY,WYNN,WYNN RESORTS LTD COMMON STOCK USD.01
75,XLY,LKQ,LKQ CORP COMMON STOCK USD.01
76,XLY,PENN,PENN NATIONAL GAMING INC COMMON STOCK USD.01
77,XLY,AAP,ADVANCE AUTO PARTS INC COMMON STOCK USD.0001
78,XLY,MHK,MOHAWK INDUSTRIES INC COMMON STOCK USD.01
79,XLY,HAS,HASBRO INC COMMON STOCK USD.5
80,XLY,BWA,BORGWARNER INC COMMON STOCK USD.01
81,XLY,NCLH,NORWEGIAN CRUISE LINE HOLDIN COMMON STOCK USD.001
82,XLY,NWL,NEWELL BRANDS INC COMMON STOCK USD1.0
83,XLY,PVH,PVH CORP COMMON STOCK USD1.0
84,XLY,HBI,HANESBRANDS INC COMMON STOCK USD.01
85,XLY,LEG,LEGGETT + PLATT INC COMMON STOCK USD.01
86,XLY,GPS,GAP INC/THE COMMON STOCK USD.05
87,XLY,RL,RALPH LAUREN CORP COMMON STOCK USD.01
88,XLY,UAA,UNDER ARMOUR INC CLASS A COMMON STOCK USD.000333
89,XLY,UA,UNDER ARMOUR INC CLASS C COMMON STOCK USD.000333
,,,
,,XLP,Consumer Staples
,,,
90,XLP,PG,PROCTER + GAMBLE CO/THE COMMON STOCK
91,XLP,KO,COCA COLA CO/THE COMMON STOCK USD.25
92,XLP,PEP,PEPSICO INC COMMON STOCK USD.017
93,XLP,WMT,WALMART INC COMMON STOCK USD.1
94,XLP,COST,COSTCO WHOLESALE CORP COMMON STOCK USD.005
95,XLP,MDLZ,MONDELEZ INTERNATIONAL INC A COMMON STOCK
96,XLP,PM,PHILIP MORRIS INTERNATIONAL COMMON STOCK
97,XLP,MO,ALTRIA GROUP INC COMMON STOCK USD.333
98,XLP,CL,COLGATE PALMOLIVE CO COMMON STOCK USD1.0
99,XLP,EL,ESTEE LAUDER COMPANIES CL A COMMON STOCK USD.01
100,XLP,KMB,KIMBERLY CLARK CORP COMMON STOCK USD1.25
101,XLP,SYY,SYSCO CORP COMMON STOCK USD1.0
102,XLP,STZ,CONSTELLATION BRANDS INC A COMMON STOCK USD.01
103,XLP,WBA,WALGREENS BOOTS ALLIANCE INC COMMON STOCK USD.01
104,XLP,GIS,GENERAL MILLS INC COMMON STOCK USD.1
105,XLP,ADM,ARCHER DANIELS MIDLAND CO COMMON STOCK
106,XLP,MNST,MONSTER BEVERAGE CORP COMMON STOCK
107,XLP,KR,KROGER CO COMMON STOCK USD1.0
108,XLP,KHC,KRAFT HEINZ CO/THE COMMON STOCK USD.01
109,XLP,HSY,HERSHEY CO/THE COMMON STOCK USD1.0
110,XLP,CLX,CLOROX COMPANY COMMON STOCK USD1.0
111,XLP,TSN,TYSON FOODS INC CL A COMMON STOCK USD.1
112,XLP,MKC,MCCORMICK + CO NON VTG SHRS COMMON STOCK
113,XLP,CHD,CHURCH + DWIGHT CO INC COMMON STOCK USD1.0
114,XLP,CAG,CONAGRA BRANDS INC COMMON STOCK USD5.0
115,XLP,K,KELLOGG CO COMMON STOCK USD.25
116,XLP,SJM,JM SMUCKER CO/THE COMMON STOCK
117,XLP,BF.B,BROWN FORMAN CORP CLASS B COMMON STOCK USD.15
118,XLP,HRL,HORMEL FOODS CORP COMMON STOCK USD.01465
119,XLP,LW,LAMB WESTON HOLDINGS INC COMMON STOCK USD1.0
120,XLP,TAP,MOLSON COORS BEVERAGE CO   B COMMON STOCK USD.01
121,XLP,CPB,CAMPBELL SOUP CO COMMON STOCK USD.0375
,,,
,,XLE,Energy
,,,
122,XLE,XOM,EXXON MOBIL CORP COMMON STOCK
123,XLE,CVX,CHEVRON CORP COMMON STOCK USD.75
124,XLE,EOG,EOG RESOURCES INC COMMON STOCK USD.01
125,XLE,SLB,SCHLUMBERGER LTD COMMON STOCK USD.01
126,XLE,MPC,MARATHON PETROLEUM CORP COMMON STOCK USD.01
127,XLE,COP,CONOCOPHILLIPS COMMON STOCK USD.01
128,XLE,PSX,PHILLIPS 66 COMMON STOCK
129,XLE,KMI,KINDER MORGAN INC COMMON STOCK USD.01
130,XLE,PXD,PIONEER NATURAL RESOURCES CO COMMON STOCK USD.01
131,XLE,VLO,VALERO ENERGY CORP COMMON STOCK USD.01
132,XLE,WMB,WILLIAMS COS INC COMMON STOCK USD1.0
133,XLE,OKE,ONEOK INC COMMON STOCK USD.01
134,XLE,OXY,OCCIDENTAL PETROLEUM CORP COMMON STOCK USD.2
135,XLE,HES,HESS CORP COMMON STOCK USD1.0
136,XLE,HAL,HALLIBURTON CO COMMON STOCK USD2.5
137,XLE,BKR,BAKER HUGHES CO COMMON STOCK USD.0001
138,XLE,FANG,DIAMONDBACK ENERGY INC COMMON STOCK USD.01
139,XLE,DVN,DEVON ENERGY CORP COMMON STOCK USD.1
140,XLE,MRO,MARATHON OIL CORP COMMON STOCK USD1.0
141,XLE,APA,APA CORP COMMON STOCK USD.625
142,XLE,COG,CABOT OIL + GAS CORP COMMON STOCK USD.1
143,XLE,NOV,NOV INC COMMON STOCK USD.01
144,XLE,HFC,HOLLYFRONTIER CORP COMMON STOCK USD.01
,,,
,,XLF,Financials
,,,
145,XLF,BRK.B,BERKSHIRE HATHAWAY INC CL B COMMON STOCK USD.0033
146,XLF,JPM,JPMORGAN CHASE + CO COMMON STOCK USD1.0
147,XLF,BAC,BANK OF AMERICA CORP COMMON STOCK USD.01
148,XLF,WFC,WELLS FARGO + CO COMMON STOCK USD1.666
149,XLF,C,CITIGROUP INC COMMON STOCK USD.01
150,XLF,MS,MORGAN STANLEY COMMON STOCK USD.01
151,XLF,GS,GOLDMAN SACHS GROUP INC COMMON STOCK USD.01
152,XLF,BLK,BLACKROCK INC COMMON STOCK USD.01
153,XLF,SCHW,SCHWAB (CHARLES) CORP COMMON STOCK USD.01
154,XLF,AXP,AMERICAN EXPRESS CO COMMON STOCK USD.2
155,XLF,SPGI,S+P GLOBAL INC COMMON STOCK USD1.0
156,XLF,PNC,PNC FINANCIAL SERVICES GROUP COMMON STOCK USD5.0
157,XLF,USB,US BANCORP COMMON STOCK USD.01
158,XLF,TFC,TRUIST FINANCIAL CORP COMMON STOCK USD5.0
159,XLF,CB,CHUBB LTD COMMON STOCK
160,XLF,CME,CME GROUP INC COMMON STOCK USD.01
161,XLF,COF,CAPITAL ONE FINANCIAL CORP COMMON STOCK USD.01
162,XLF,MMC,MARSH + MCLENNAN COS COMMON STOCK USD1.0
163,XLF,ICE,INTERCONTINENTAL EXCHANGE IN COMMON STOCK USD.01
164,XLF,PGR,PROGRESSIVE CORP COMMON STOCK USD1.0
165,XLF,AON,AON PLC CLASS A COMMON STOCK
166,XLF,MCO,MOODY S CORP COMMON STOCK USD.01
167,XLF,MET,METLIFE INC COMMON STOCK USD.01
168,XLF,AIG,AMERICAN INTERNATIONAL GROUP COMMON STOCK USD2.5
169,XLF,TROW,T ROWE PRICE GROUP INC COMMON STOCK USD.2
170,XLF,PRU,PRUDENTIAL FINANCIAL INC COMMON STOCK USD.01
171,XLF,BK,BANK OF NEW YORK MELLON CORP COMMON STOCK USD.01
172,XLF,TRV,TRAVELERS COS INC/THE COMMON STOCK NPV
173,XLF,MSCI,MSCI INC COMMON STOCK USD.01
174,XLF,ALL,ALLSTATE CORP COMMON STOCK USD.01
175,XLF,DFS,DISCOVER FINANCIAL SERVICES COMMON STOCK USD.01
176,XLF,AFL,AFLAC INC COMMON STOCK USD.1
177,XLF,WLTW,WILLIS TOWERS WATSON PLC COMMON STOCK USD.000304635
178,XLF,FRC,FIRST REPUBLIC BANK/CA COMMON STOCK USD.01
179,XLF,SIVB,SVB FINANCIAL GROUP COMMON STOCK USD.001
180,XLF,AMP,AMERIPRISE FINANCIAL INC COMMON STOCK USD.01
181,XLF,STT,STATE STREET CORP COMMON STOCK USD1.0
182,XLF,FITB,FIFTH THIRD BANCORP COMMON STOCK
183,XLF,AJG,ARTHUR J GALLAGHER + CO COMMON STOCK USD1.0
184,XLF,SYF,SYNCHRONY FINANCIAL COMMON STOCK USD.001
185,XLF,NTRS,NORTHERN TRUST CORP COMMON STOCK USD1.667
186,XLF,HIG,HARTFORD FINANCIAL SVCS GRP COMMON STOCK USD.01
187,XLF,KEY,KEYCORP COMMON STOCK USD1.0
188,XLF,RF,REGIONS FINANCIAL CORP COMMON STOCK USD.01
189,XLF,CFG,CITIZENS FINANCIAL GROUP COMMON STOCK USD.01
190,XLF,MTB,M + T BANK CORP COMMON STOCK USD.5
191,XLF,NDAQ,NASDAQ INC COMMON STOCK USD.01
192,XLF,CINF,CINCINNATI FINANCIAL CORP COMMON STOCK USD2.0
193,XLF,MKTX,MARKETAXESS HOLDINGS INC COMMON STOCK USD.003
194,XLF,RJF,RAYMOND JAMES FINANCIAL INC COMMON STOCK USD.01
195,XLF,PFG,PRINCIPAL FINANCIAL GROUP COMMON STOCK USD.01
196,XLF,HBAN,HUNTINGTON BANCSHARES INC COMMON STOCK USD.01
197,XLF,L,LOEWS CORP COMMON STOCK USD.01
198,XLF,LNC,LINCOLN NATIONAL CORP COMMON STOCK
199,XLF,CBOE,CBOE GLOBAL MARKETS INC COMMON STOCK
200,XLF,WRB,WR BERKLEY CORP COMMON STOCK USD.2
201,XLF,CMA,COMERICA INC COMMON STOCK USD5.0
202,XLF,RE,EVEREST RE GROUP LTD COMMON STOCK USD.01
203,XLF,IVZ,INVESCO LTD COMMON STOCK USD.2
204,XLF,GL,GLOBE LIFE INC COMMON STOCK USD1.0
205,XLF,ZION,ZIONS BANCORP NA COMMON STOCK USD.001
206,XLF,AIZ,ASSURANT INC COMMON STOCK USD.01
207,XLF,BEN,FRANKLIN RESOURCES INC COMMON STOCK USD.1
208,XLF,PBCT,PEOPLE S UNITED FINANCIAL COMMON STOCK USD.01
209,XLF,UNM,UNUM GROUP COMMON STOCK USD.1
,,,
,,XLV,Health Care
,,,
210,XLV,JNJ,JOHNSON + JOHNSON COMMON STOCK USD1.0
211,XLV,UNH,UNITEDHEALTH GROUP INC COMMON STOCK USD.01
212,XLV,PFE,PFIZER INC COMMON STOCK USD.05
213,XLV,ABT,ABBOTT LABORATORIES COMMON STOCK
214,XLV,ABBV,ABBVIE INC COMMON STOCK USD.01
215,XLV,MRK,MERCK + CO. INC. COMMON STOCK USD.5
216,XLV,TMO,THERMO FISHER SCIENTIFIC INC COMMON STOCK USD1.0
217,XLV,MDT,MEDTRONIC PLC COMMON STOCK USD.1
218,XLV,DHR,DANAHER CORP COMMON STOCK USD.01
219,XLV,LLY,ELI LILLY + CO COMMON STOCK
220,XLV,BMY,BRISTOL MYERS SQUIBB CO COMMON STOCK USD.1
221,XLV,AMGN,AMGEN INC COMMON STOCK USD.0001
222,XLV,CVS,CVS HEALTH CORP COMMON STOCK USD.01
223,XLV,ISRG,INTUITIVE SURGICAL INC COMMON STOCK USD.001
224,XLV,ANTM,ANTHEM INC COMMON STOCK USD.01
225,XLV,CI,CIGNA CORP COMMON STOCK USD.01
226,XLV,GILD,GILEAD SCIENCES INC COMMON STOCK USD.001
227,XLV,SYK,STRYKER CORP COMMON STOCK USD.1
228,XLV,ZTS,ZOETIS INC COMMON STOCK USD.01
229,XLV,BDX,BECTON DICKINSON AND CO COMMON STOCK USD1.0
230,XLV,BSX,BOSTON SCIENTIFIC CORP COMMON STOCK USD.01
231,XLV,HUM,HUMANA INC COMMON STOCK USD.166
232,XLV,EW,EDWARDS LIFESCIENCES CORP COMMON STOCK USD1.0
233,XLV,VRTX,VERTEX PHARMACEUTICALS INC COMMON STOCK USD.01
234,XLV,HCA,HCA HEALTHCARE INC COMMON STOCK USD.01
235,XLV,ILMN,ILLUMINA INC COMMON STOCK USD.01
236,XLV,REGN,REGENERON PHARMACEUTICALS COMMON STOCK USD.001
237,XLV,IDXX,IDEXX LABORATORIES INC COMMON STOCK USD.1
238,XLV,IQV,IQVIA HOLDINGS INC COMMON STOCK USD.01
239,XLV,BAX,BAXTER INTERNATIONAL INC COMMON STOCK USD1.0
240,XLV,BIIB,BIOGEN INC COMMON STOCK USD.0005
241,XLV,ALGN,ALIGN TECHNOLOGY INC COMMON STOCK USD.0001
242,XLV,A,AGILENT TECHNOLOGIES INC COMMON STOCK USD.01
243,XLV,CNC,CENTENE CORP COMMON STOCK USD.001
244,XLV,ALXN,ALEXION PHARMACEUTICALS INC COMMON STOCK USD.0001
245,XLV,ZBH,ZIMMER BIOMET HOLDINGS INC COMMON STOCK USD.01
246,XLV,DXCM,DEXCOM INC COMMON STOCK USD.001
247,XLV,MTD,METTLER TOLEDO INTERNATIONAL COMMON STOCK USD.01
248,XLV,MCK,MCKESSON CORP COMMON STOCK USD.01
249,XLV,RMD,RESMED INC COMMON STOCK USD.004
250,XLV,LH,LABORATORY CRP OF AMER HLDGS COMMON STOCK USD.1
251,XLV,WST,WEST PHARMACEUTICAL SERVICES COMMON STOCK USD.25
252,XLV,CERN,CERNER CORP COMMON STOCK USD.01
253,XLV,COO,COOPER COS INC/THE COMMON STOCK USD.1
254,XLV,WAT,WATERS CORP COMMON STOCK USD.01
255,XLV,TFX,TELEFLEX INC COMMON STOCK USD1.0
256,XLV,DGX,QUEST DIAGNOSTICS INC COMMON STOCK USD.01
257,XLV,CAH,CARDINAL HEALTH INC COMMON STOCK
258,XLV,STE,STERIS PLC COMMON STOCK USD75.0
259,XLV,CTLT,CATALENT INC COMMON STOCK USD.01
260,XLV,ABC,AMERISOURCEBERGEN CORP COMMON STOCK USD.01
261,XLV,HOLX,HOLOGIC INC COMMON STOCK USD.01
262,XLV,VTRS,VIATRIS INC COMMON STOCK
263,XLV,PKI,PERKINELMER INC COMMON STOCK USD1.0
264,XLV,INCY,INCYTE CORP COMMON STOCK USD.001
265,XLV,XRAY,DENTSPLY SIRONA INC COMMON STOCK USD.01
266,XLV,ABMD,ABIOMED INC COMMON STOCK USD.01
267,XLV,BIO,BIO RAD LABORATORIES A COMMON STOCK USD.0001
268,XLV,UHS,UNIVERSAL HEALTH SERVICES B COMMON STOCK USD.01
269,XLV,HSIC,HENRY SCHEIN INC COMMON STOCK USD.01
270,XLV,DVA,DAVITA INC COMMON STOCK USD.001
271,XLV,PRGO,PERRIGO CO PLC COMMON STOCK EUR.001
,,,
,,XLI,Industrials
,,,
272,XLI,HON,HONEYWELL INTERNATIONAL INC COMMON STOCK USD1.0
273,XLI,UPS,UNITED PARCEL SERVICE CL B COMMON STOCK USD.01
274,XLI,UNP,UNION PACIFIC CORP COMMON STOCK USD2.5
275,XLI,CAT,CATERPILLAR INC COMMON STOCK USD1.0
276,XLI,RTX,RAYTHEON TECHNOLOGIES CORP COMMON STOCK USD1.0
277,XLI,BA,BOEING CO/THE COMMON STOCK USD5.0
278,XLI,DE,DEERE + CO COMMON STOCK USD1.0
279,XLI,MMM,3M CO COMMON STOCK USD.01
280,XLI,GE,GENERAL ELECTRIC CO COMMON STOCK USD.06
281,XLI,LMT,LOCKHEED MARTIN CORP COMMON STOCK USD1.0
282,XLI,CSX,CSX CORP COMMON STOCK USD1.0
283,XLI,FDX,FEDEX CORP COMMON STOCK USD.1
284,XLI,NSC,NORFOLK SOUTHERN CORP COMMON STOCK USD1.0
285,XLI,ITW,ILLINOIS TOOL WORKS COMMON STOCK USD.01
286,XLI,NOC,NORTHROP GRUMMAN CORP COMMON STOCK USD1.0
287,XLI,ETN,EATON CORP PLC COMMON STOCK USD.01
288,XLI,WM,WASTE MANAGEMENT INC COMMON STOCK USD.01
289,XLI,EMR,EMERSON ELECTRIC CO COMMON STOCK USD.5
290,XLI,ROP,ROPER TECHNOLOGIES INC COMMON STOCK USD.01
291,XLI,JCI,JOHNSON CONTROLS INTERNATION COMMON STOCK USD.01
292,XLI,LHX,L3HARRIS TECHNOLOGIES INC COMMON STOCK USD1.0
293,XLI,GD,GENERAL DYNAMICS CORP COMMON STOCK USD1.0
294,XLI,TT,TRANE TECHNOLOGIES PLC COMMON STOCK USD1.0
295,XLI,PH,PARKER HANNIFIN CORP COMMON STOCK USD.5
296,XLI,INFO,IHS MARKIT LTD COMMON STOCK USD.01
297,XLI,CMI,CUMMINS INC COMMON STOCK USD2.5
298,XLI,LUV,SOUTHWEST AIRLINES CO COMMON STOCK USD1.0
299,XLI,CARR,CARRIER GLOBAL CORP COMMON STOCK USD.01
300,XLI,SWK,STANLEY BLACK + DECKER INC COMMON STOCK USD2.5
301,XLI,TDG,TRANSDIGM GROUP INC COMMON STOCK USD.01
302,XLI,OTIS,OTIS WORLDWIDE CORP COMMON STOCK USD.01
303,XLI,PCAR,PACCAR INC COMMON STOCK USD1.0
304,XLI,AME,AMETEK INC COMMON STOCK USD.01
305,XLI,FAST,FASTENAL CO COMMON STOCK USD.01
306,XLI,ROK,ROCKWELL AUTOMATION INC COMMON STOCK USD1.0
307,XLI,CTAS,CINTAS CORP COMMON STOCK
308,XLI,EFX,EQUIFAX INC COMMON STOCK USD1.25
309,XLI,DAL,DELTA AIR LINES INC COMMON STOCK USD.0001
310,XLI,VRSK,VERISK ANALYTICS INC COMMON STOCK USD.001
311,XLI,KSU,KANSAS CITY SOUTHERN COMMON STOCK USD.01
312,XLI,CPRT,COPART INC COMMON STOCK
313,XLI,ODFL,OLD DOMINION FREIGHT LINE COMMON STOCK USD.1
314,XLI,FTV,FORTIVE CORP COMMON STOCK USD.01
315,XLI,URI,UNITED RENTALS INC COMMON STOCK USD.01
316,XLI,RSG,REPUBLIC SERVICES INC COMMON STOCK USD.01
317,XLI,DOV,DOVER CORP COMMON STOCK USD1.0
318,XLI,XYL,XYLEM INC COMMON STOCK
319,XLI,GWW,WW GRAINGER INC COMMON STOCK USD.5
320,XLI,GNRC,GENERAC HOLDINGS INC COMMON STOCK USD.01
321,XLI,EXPD,EXPEDITORS INTL WASH INC COMMON STOCK USD.01
322,XLI,IR,INGERSOLL RAND INC COMMON STOCK USD.01
323,XLI,J,JACOBS ENGINEERING GROUP INC COMMON STOCK USD1.0
324,XLI,IEX,IDEX CORP COMMON STOCK USD.01
325,XLI,MAS,MASCO CORP COMMON STOCK USD1.0
326,XLI,UAL,UNITED AIRLINES HOLDINGS INC COMMON STOCK USD.01
327,XLI,TDY,TELEDYNE TECHNOLOGIES INC COMMON STOCK USD.01
328,XLI,FBHS,FORTUNE BRANDS HOME + SECURI COMMON STOCK USD.01
329,XLI,TXT,TEXTRON INC COMMON STOCK USD.125
330,XLI,JBHT,HUNT (JB) TRANSPRT SVCS INC COMMON STOCK USD.01
331,XLI,WAB,WABTEC CORP COMMON STOCK USD.01
332,XLI,LDOS,LEIDOS HOLDINGS INC COMMON STOCK USD.0001
333,XLI,AAL,AMERICAN AIRLINES GROUP INC COMMON STOCK
334,XLI,PWR,QUANTA SERVICES INC COMMON STOCK USD.00001
335,XLI,CHRW,C.H. ROBINSON WORLDWIDE INC COMMON STOCK USD.1
336,XLI,SNA,SNAP ON INC COMMON STOCK USD1.0
337,XLI,HWM,HOWMET AEROSPACE INC COMMON STOCK
338,XLI,ALLE,ALLEGION PLC COMMON STOCK USD.01
339,XLI,PNR,PENTAIR PLC COMMON STOCK USD.01
340,XLI,RHI,ROBERT HALF INTL INC COMMON STOCK USD.001
341,XLI,AOS,SMITH (A.O.) CORP COMMON STOCK USD1.0
342,XLI,NLSN,NIELSEN HOLDINGS PLC COMMON STOCK EUR.07
343,XLI,HII,HUNTINGTON INGALLS INDUSTRIE COMMON STOCK USD.01
344,XLI,ROL,ROLLINS INC COMMON STOCK USD1.0
345,XLI,ALK,ALASKA AIR GROUP INC COMMON STOCK USD.01
,,,
,,,
,,XLB,Materials
,,,
346,XLB,LIN,LINDE PLC COMMON STOCK EUR.001
347,XLB,SHW,SHERWIN WILLIAMS CO/THE COMMON STOCK USD1.0
348,XLB,APD,AIR PRODUCTS + CHEMICALS INC COMMON STOCK USD1.0
349,XLB,FCX,FREEPORT MCMORAN INC COMMON STOCK USD.1
350,XLB,ECL,ECOLAB INC COMMON STOCK USD1.0
351,XLB,DOW,DOW INC COMMON STOCK USD.01
352,XLB,NEM,NEWMONT CORP COMMON STOCK USD1.6
353,XLB,DD,DUPONT DE NEMOURS INC COMMON STOCK USD.01
354,XLB,PPG,PPG INDUSTRIES INC COMMON STOCK USD1.67
355,XLB,IFF,INTL FLAVORS + FRAGRANCES COMMON STOCK USD.125
356,XLB,CTVA,CORTEVA INC COMMON STOCK USD.01
357,XLB,BLL,BALL CORP COMMON STOCK
358,XLB,LYB,LYONDELLBASELL INDU CL A COMMON STOCK EUR.04
359,XLB,NUE,NUCOR CORP COMMON STOCK USD.4
360,XLB,VMC,VULCAN MATERIALS CO COMMON STOCK USD1.0
361,XLB,IP,INTERNATIONAL PAPER CO COMMON STOCK USD1.0
362,XLB,MLM,MARTIN MARIETTA MATERIALS COMMON STOCK USD.01
363,XLB,ALB,ALBEMARLE CORP COMMON STOCK USD.01
364,XLB,AMCR,AMCOR PLC COMMON STOCK USD.01
365,XLB,CE,CELANESE CORP COMMON STOCK USD.0001
366,XLB,AVY,AVERY DENNISON CORP COMMON STOCK USD1.0
367,XLB,EMN,EASTMAN CHEMICAL CO COMMON STOCK USD.01
368,XLB,FMC,FMC CORP COMMON STOCK USD.1
369,XLB,WRK,WESTROCK CO COMMON STOCK
370,XLB,PKG,PACKAGING CORP OF AMERICA COMMON STOCK USD.01
371,XLB,MOS,MOSAIC CO/THE COMMON STOCK USD.01
372,XLB,CF,CF INDUSTRIES HOLDINGS INC COMMON STOCK USD.01
373,XLB,SEE,SEALED AIR CORP COMMON STOCK USD.1
,,,
,,LRE,Real EstateX
,,,
374,LRE,AMT,AMERICAN TOWER CORP REIT USD.01
375,LRE,PLD,PROLOGIS INC REIT USD.01
376,LRE,CCI,CROWN CASTLE INTL CORP REIT USD.01
377,LRE,EQIX,EQUINIX INC REIT USD.001
378,LRE,DLR,DIGITAL REALTY TRUST INC REIT USD.01
379,LRE,PSA,PUBLIC STORAGE REIT USD.1
380,LRE,SPG,SIMON PROPERTY GROUP INC REIT USD.0001
381,LRE,SBAC,SBA COMMUNICATIONS CORP REIT USD.01
382,LRE,WELL,WELLTOWER INC REIT USD1.0
383,LRE,WY,WEYERHAEUSER CO REIT USD1.25
384,LRE,CBRE,CBRE GROUP INC   A COMMON STOCK USD.01
385,LRE,AVB,AVALONBAY COMMUNITIES INC REIT USD.01
386,LRE,O,REALTY INCOME CORP REIT USD1.0
387,LRE,EQR,EQUITY RESIDENTIAL REIT USD.01
388,LRE,ARE,ALEXANDRIA REAL ESTATE EQUIT REIT USD.01
389,LRE,VTR,VENTAS INC REIT USD.25
390,LRE,EXR,EXTRA SPACE STORAGE INC REIT USD.01
391,LRE,ESS,ESSEX PROPERTY TRUST INC REIT USD.0001
392,LRE,PEAK,HEALTHPEAK PROPERTIES INC REIT USD1.0
393,LRE,MAA,MID AMERICA APARTMENT COMM REIT USD.01
394,LRE,DRE,DUKE REALTY CORP REIT USD.01
395,LRE,BXP,BOSTON PROPERTIES INC REIT USD.01
396,LRE,UDR,UDR INC REIT USD.01
397,LRE,HST,HOST HOTELS + RESORTS INC REIT USD.01
398,LRE,IRM,IRON MOUNTAIN INC REIT USD.01
399,LRE,REG,REGENCY CENTERS CORP REIT USD.01
400,LRE,KIM,KIMCO REALTY CORP REIT USD.01
401,LRE,FRT,FEDERAL REALTY INVS TRUST REIT USD.01
402,LRE,VNO,VORNADO REALTY TRUST REIT USD.04
,,,
,,XLK,Technology
,,,
403,XLK,AAPL,APPLE INC COMMON STOCK USD.00001
404,XLK,MSFT,MICROSOFT CORP COMMON STOCK USD.00000625
405,XLK,V,VISA INC CLASS A SHARES COMMON STOCK USD.0001
406,XLK,NVDA,NVIDIA CORP COMMON STOCK USD.001
407,XLK,MA,MASTERCARD INC   A COMMON STOCK USD.0001
408,XLK,PYPL,PAYPAL HOLDINGS INC COMMON STOCK USD.0001
409,XLK,ADBE,ADOBE INC COMMON STOCK USD.0001
410,XLK,INTC,INTEL CORP COMMON STOCK USD.001
411,XLK,CSCO,CISCO SYSTEMS INC COMMON STOCK USD.001
412,XLK,CRM,SALESFORCE.COM INC COMMON STOCK USD.001
413,XLK,ACN,ACCENTURE PLC CL A COMMON STOCK USD.0000225
414,XLK,AVGO,BROADCOM INC COMMON STOCK
415,XLK,TXN,TEXAS INSTRUMENTS INC COMMON STOCK USD1.0
416,XLK,QCOM,QUALCOMM INC COMMON STOCK USD.0001
417,XLK,ORCL,ORACLE CORP COMMON STOCK USD.01
418,XLK,IBM,INTL BUSINESS MACHINES CORP COMMON STOCK USD.2
419,XLK,AMAT,APPLIED MATERIALS INC COMMON STOCK USD.01
420,XLK,INTU,INTUIT INC COMMON STOCK USD.01
421,XLK,MU,MICRON TECHNOLOGY INC COMMON STOCK USD.1
422,XLK,NOW,SERVICENOW INC COMMON STOCK USD.001
423,XLK,AMD,ADVANCED MICRO DEVICES COMMON STOCK USD.01
424,XLK,FIS,FIDELITY NATIONAL INFO SERV COMMON STOCK USD.01
425,XLK,LRCX,LAM RESEARCH CORP COMMON STOCK USD.001
426,XLK,ADP,AUTOMATIC DATA PROCESSING COMMON STOCK USD.1
427,XLK,FISV,FISERV INC COMMON STOCK USD.01
428,XLK,ADSK,AUTODESK INC COMMON STOCK USD.01
429,XLK,GPN,GLOBAL PAYMENTS INC COMMON STOCK
430,XLK,ADI,ANALOG DEVICES INC COMMON STOCK USD.167
431,XLK,NXPI,NXP SEMICONDUCTORS NV COMMON STOCK
432,XLK,KLAC,KLA CORP COMMON STOCK USD.001
433,XLK,TEL,TE CONNECTIVITY LTD COMMON STOCK CHF.57
434,XLK,CTSH,COGNIZANT TECH SOLUTIONS A COMMON STOCK USD.01
435,XLK,HPQ,HP INC COMMON STOCK USD.01
436,XLK,APH,AMPHENOL CORP CL A COMMON STOCK USD.001
437,XLK,MCHP,MICROCHIP TECHNOLOGY INC COMMON STOCK USD.001
438,XLK,SNPS,SYNOPSYS INC COMMON STOCK USD.01
439,XLK,CDNS,CADENCE DESIGN SYS INC COMMON STOCK USD.01
440,XLK,GLW,CORNING INC COMMON STOCK USD.5
441,XLK,PAYX,PAYCHEX INC COMMON STOCK USD.01
442,XLK,MSI,MOTOROLA SOLUTIONS INC COMMON STOCK USD.01
443,XLK,ANSS,ANSYS INC COMMON STOCK USD.01
444,XLK,XLNX,XILINX INC COMMON STOCK USD.01
445,XLK,SWKS,SKYWORKS SOLUTIONS INC COMMON STOCK USD.25
446,XLK,FTNT,FORTINET INC COMMON STOCK USD.001
447,XLK,ZBRA,ZEBRA TECHNOLOGIES CORP CL A COMMON STOCK USD.01
448,XLK,KEYS,KEYSIGHT TECHNOLOGIES IN COMMON STOCK
449,XLK,MXIM,MAXIM INTEGRATED PRODUCTS COMMON STOCK USD.001
450,XLK,FLT,FLEETCOR TECHNOLOGIES INC COMMON STOCK USD.001
451,XLK,CDW,CDW CORP/DE COMMON STOCK USD.01
452,XLK,VRSN,VERISIGN INC COMMON STOCK USD.001
453,XLK,TER,TERADYNE INC COMMON STOCK USD.125
454,XLK,HPE,HEWLETT PACKARD ENTERPRISE COMMON STOCK USD.01
455,XLK,WDC,WESTERN DIGITAL CORP COMMON STOCK USD.01
456,XLK,QRVO,QORVO INC COMMON STOCK USD.0001
457,XLK,TRMB,TRIMBLE INC COMMON STOCK
458,XLK,IT,GARTNER INC COMMON STOCK USD.0005
459,XLK,BR,BROADRIDGE FINANCIAL SOLUTIO COMMON STOCK USD.01
460,XLK,AKAM,AKAMAI TECHNOLOGIES INC COMMON STOCK USD.01
461,XLK,ANET,ARISTA NETWORKS INC COMMON STOCK USD.0001
462,XLK,STX,SEAGATE TECHNOLOGY COMMON STOCK USD.00001
463,XLK,PAYC,PAYCOM SOFTWARE INC COMMON STOCK USD.01
464,XLK,TYL,TYLER TECHNOLOGIES INC COMMON STOCK USD.01
465,XLK,NTAP,NETAPP INC COMMON STOCK USD.001
466,XLK,ENPH,ENPHASE ENERGY INC COMMON STOCK USD.00001
467,XLK,CTXS,CITRIX SYSTEMS INC COMMON STOCK USD.001
468,XLK,MPWR,MONOLITHIC POWER SYSTEMS INC COMMON STOCK USD.001
469,XLK,PTC,PTC INC COMMON STOCK USD.01
470,XLK,NLOK,NORTONLIFELOCK INC COMMON STOCK USD.01
471,XLK,JKHY,JACK HENRY + ASSOCIATES INC COMMON STOCK USD.01
472,XLK,FFIV,F5 NETWORKS INC COMMON STOCK
473,XLK,WU,WESTERN UNION CO COMMON STOCK USD.01
474,XLK,JNPR,JUNIPER NETWORKS INC COMMON STOCK USD.00001
475,XLK,DXC,DXC TECHNOLOGY CO COMMON STOCK USD.01
476,XLK,FLIR,FLIR SYSTEMS INC COMMON STOCK USD.01
477,XLK,IPGP,IPG PHOTONICS CORP COMMON STOCK USD.0001
,,,
,,XLU,Utilities
,,,
478,XLU,NEE,NEXTERA ENERGY INC COMMON STOCK USD.01
479,XLU,DUK,DUKE ENERGY CORP COMMON STOCK USD.001
480,XLU,SO,SOUTHERN CO/THE COMMON STOCK USD5.0
481,XLU,D,DOMINION ENERGY INC COMMON STOCK
482,XLU,AEP,AMERICAN ELECTRIC POWER COMMON STOCK USD6.5
483,XLU,EXC,EXELON CORP COMMON STOCK
484,XLU,SRE,SEMPRA ENERGY COMMON STOCK
485,XLU,XEL,XCEL ENERGY INC COMMON STOCK USD2.5
486,XLU,PEG,PUBLIC SERVICE ENTERPRISE GP COMMON STOCK
487,XLU,WEC,WEC ENERGY GROUP INC COMMON STOCK USD.01
488,XLU,ES,EVERSOURCE ENERGY COMMON STOCK USD5.0
489,XLU,AWK,AMERICAN WATER WORKS CO INC COMMON STOCK USD.01
490,XLU,DTE,DTE ENERGY COMPANY COMMON STOCK
491,XLU,ED,CONSOLIDATED EDISON INC COMMON STOCK USD.1
492,XLU,PPL,PPL CORP COMMON STOCK USD.01
493,XLU,EIX,EDISON INTERNATIONAL COMMON STOCK
494,XLU,ETR,ENTERGY CORP COMMON STOCK USD.01
495,XLU,AEE,AMEREN CORPORATION COMMON STOCK USD.01
496,XLU,FE,FIRSTENERGY CORP COMMON STOCK USD.1
497,XLU,CMS,CMS ENERGY CORP COMMON STOCK USD.01
498,XLU,AES,AES CORP COMMON STOCK USD.01
499,XLU,EVRG,EVERGY INC COMMON STOCK
500,XLU,LNT,ALLIANT ENERGY CORP COMMON STOCK USD.01
501,XLU,CNP,CENTERPOINT ENERGY INC COMMON STOCK USD.01
502,XLU,ATO,ATMOS ENERGY CORP COMMON STOCK
503,XLU,NI,NISOURCE INC COMMON STOCK USD.01
504,XLU,PNW,PINNACLE WEST CAPITAL COMMON STOCK
505,XLU,NRG,NRG ENERGY INC COMMON STOCK USD.01
505,,,
